{
  "rho": [
    0.7089286437442622,
    4.761904093569409e-08,
    0.29107130863669695
  ],
  "pi": [
    [
      0.9193634218762952,
      0.08063645428673986,
      1.2383696491283216e-07
    ],
    [
      0.33333333340707383,
      0.33333333321593406,
      0.33333333337699206
    ],
    [
      0.32056130276760525,
      2.72865188315466e-07,
      0.6794384243672064
    ]
  ],
  "A": [
    [
      [
        0.923160123990184,
        0.07683987396537062,
        2.0444453314248488e-09
      ],
      [
        0.95865989447114,
        0.04134008527328548,
        2.0255574617111326e-08
      ],
      [
        0.4557377580197966,
        0.311809907678586,
        0.23245233430161738
      ]
    ],
    [
      [
        0.3333333360148664,
        0.33333332924542153,
        0.333333334739712
      ],
      [
        0.33333333543812427,
        0.33333333049289127,
        0.33333333406898435
      ],
      [
        0.33333333470291815,
        0.3333333284024704,
        0.3333333368946114
      ]
    ],
    [
      [
        0.8003138920886312,
        4.436389799475523e-09,
        0.19968610347497903
      ],
      [
        0.42892870261235,
        0.22361692092643481,
        0.34745437646121513
      ],
      [
        0.49604364644604626,
        9.044049984751277e-09,
        0.5039563445099038
      ]
    ]
  ],
  "kappaS": {
    "0.06": 1.3074829664785905,
    "0.12": 3.883556350507353,
    "0.24": 9.285868990599702
  },
  "kappaP": {
    "80": 0.1218904106184632,
    "40": 0.7516592597256578,
    "20": 2.5209836718569507,
    "10": 105.8121652525777
  }
}