{
  "rho": [
    0.3710407606782258,
    0.330684859715902,
    0.29827437960587205
  ],
  "pi": [
    [
      1.1230463504852172e-06,
      0.5690010965329119,
      0.43099778042073766
    ],
    [
      2.913308162437575e-07,
      0.744416812152615,
      0.25558289651656885
    ],
    [
      2.1089827680373427e-07,
      5.100459452886405e-07,
      0.9999992790557778
    ]
  ],
  "A": [
    [
      [
        0.5725179171472604,
        0.37919425726464173,
        0.04828782558809759
      ],
      [
        0.4417211827347816,
        0.5245196677692909,
        0.033759149495927454
      ],
      [
        0.3955329660393695,
        0.527760983743038,
        0.07670605021759225
      ]
    ],
    [
      [
        0.6986439737442235,
        0.30135601195278516,
        1.4302991460483037e-08
      ],
      [
        0.03842403883640777,
        0.9615759594784925,
        1.6850996176957673e-09
      ],
      [
        0.00019542774553188663,
        0.9998040085919391,
        5.636625290448351e-07
      ]
    ],
    [
      [
        0.4728004097568984,
        8.77737127788001e-09,
        0.5271995814657303
      ],
      [
        0.48390543697242216,
        0.13627532597849645,
        0.37981923704908155
      ],
      [
        0.5871468360010043,
        1.753719988829763e-08,
        0.41285314646179594
      ]
    ]
  ],
  "kappaS": {
    "0.06": 1.1903062514062595,
    "0.12": 3.5004837185059365,
    "0.24": 11.047034049189385
  },
  "kappaP": {
    "80": 2.3744242311023074,
    "40": 3.860716377423993,
    "20": 4.34041724934959,
    "10": 8.705767395377872
  }
}