{
  "rho": [
    0.5220944643763986,
    0.4293565018005148,
    0.04854903382308653
  ],
  "pi": [
    [
      0.593297577548227,
      0.40670168008648067,
      7.423652923600951e-07
    ],
    [
      0.5633694546741117,
      0.009643210957222903,
      0.42698733436866565
    ],
    [
      0.9999972523433897,
      1.4501597888095786e-06,
      1.2974968215336736e-06
    ]
  ],
  "A": [
    [
      [
        0.9498492086236137,
        0.0347145946488084,
        0.015436196727577832
      ],
      [
        0.8054106389466154,
        0.19458928434737754,
        7.670600694366308e-08
      ],
      [
        0.7931299106546084,
        5.3193977934421234e-06,
        0.206864769947598
      ]
    ],
    [
      [
        0.8523023531814198,
        0.14006593769168948,
        0.0076317091268907795
      ],
      [
        0.06125016141683938,
        0.9335532762984496,
        0.005196562284710845
      ],
      [
        0.5199294865133751,
        0.48007022294184803,
        2.9054477701251467e-07
      ]
    ],
    [
      [
        0.7696508873285984,
        1.4146501776025891e-08,
        0.2303490985248997
      ],
      [
        0.4470149806461555,
        0.25606001217727814,
        0.29692500717656645
      ],
      [
        0.6770786526920117,
        5.6710992058956095e-08,
        0.32292129059699615
      ]
    ]
  ],
  "kappaS": {
    "0.06": 1.477995763334442,
    "0.12": 3.9490123827554067,
    "0.24": 16.06516515898698
  },
  "kappaP": {
    "80": 1e-06,
    "40": 9.335060714430364,
    "20": 12.029053887927242,
    "10": 21.7010238941651
  }
}