{
  "rho": [
    0.3176427544875398,
    0.3644533016914908,
    0.31790394382096937
  ],
  "pi": [
    [
      0.4459284060607463,
      0.3028657700955432,
      0.2512058238437106
    ],
    [
      0.6156765692133803,
      3.558580092725856e-07,
      0.3843230749286105
    ],
    [
      0.9999988721991366,
      7.037903990174789e-07,
      4.240104642693604e-07
    ]
  ],
  "A": [
    [
      [
        0.903699951511275,
        0.05068209041931935,
        0.04561795806940566
      ],
      [
        0.7937406835049426,
        0.20625925759718733,
        5.889787000834515e-08
      ],
      [
        0.9107403574103684,
        9.47310311329773e-08,
        0.08925954785860046
      ]
    ],
    [
      [
        0.8297040972787666,
        0.15822192445816952,
        0.012073978263063835
      ],
      [
        0.05569370126357206,
        0.9338498190719117,
        0.010456479664516292
      ],
      [
        0.26709436333483677,
        0.6995708183566192,
        0.03333481830854416
      ]
    ],
    [
      [
        0.8015383405505191,
        0.17480990580532993,
        0.023651753644150862
      ],
      [
        0.5347697112234718,
        0.46523027565268743,
        1.3123840836391208e-08
      ],
      [
        0.999900693056759,
        1.154985941971164e-07,
        9.91914446469231e-05
      ]
    ]
  ],
  "kappaS": {
    "0.06": 1.796122591514109,
    "0.12": 4.387573353400737,
    "0.24": 16.924268533911285
  },
  "kappaP": {
    "80": 30.05836717050717,
    "40": 23.557918333768402,
    "20": 14.496552041901875,
    "10": 21.638619105630404
  }
}