{
  "rho": [
    0.5555555036930898,
    0.38888887754240825,
    0.05555561876450179
  ],
  "pi": [
    [
      0.6365915486206212,
      0.36340713813233105,
      1.3132470477081334e-06
    ],
    [
      2.003960671160491e-07,
      0.571320273122484,
      0.4286795264814488
    ],
    [
      1.0911778871698695e-06,
      0.9999978434983982,
      1.0653237147796316e-06
    ]
  ],
  "A": [
    [
      [
        0.8577183782932047,
        0.14198634857155967,
        0.0002952731352356916
      ],
      [
        0.7247352482835889,
        0.13815654513988257,
        0.1371082065765286
      ],
      [
        0.9999993957514434,
        3.695431049385462e-07,
        2.3470545164379192e-07
      ]
    ],
    [
      [
        0.1583771280382154,
        0.8416228641664364,
        7.795348168652331e-09
      ],
      [
        0.18910204172051015,
        0.8095012740252494,
        0.0013966842542403528
      ],
      [
        0.04438872783538298,
        0.49329487225276686,
        0.4623163999118502
      ]
    ],
    [
      [
        0.22626062458568147,
        0.4865465246404292,
        0.2871928507738893
      ],
      [
        0.40596542136784747,
        0.5580300921330876,
        0.03600448649906479
      ],
      [
        0.6384909662839784,
        0.056249262613071685,
        0.30525977110295005
      ]
    ]
  ],
  "kappaS": {
    "0.06": 2.467662719959713,
    "0.12": 7.479844245127554,
    "0.24": 18.32005591377353
  },
  "kappaP": {
    "80": 1.565877654270869,
    "40": 3.71694769345703,
    "20": 14.381750909301473,
    "10": 46.35140364416698
  }
}