{
  "rho": [
    0.444166539881558,
    0.19890782108234706,
    0.35692563903609487
  ],
  "pi": [
    [
      0.5396430180633596,
      0.46035687295203565,
      1.0898460489225606e-07
    ],
    [
      2.1061752450412903e-07,
      0.6460433821778375,
      0.353956407204638
    ],
    [
      0.1489816412079291,
      0.5208338134046204,
      0.33018454538745046
    ]
  ],
  "A": [
    [
      [
        0.8071475789943532,
        0.12262705194963477,
        0.07022536905601222
      ],
      [
        0.7524893702717127,
        0.2250142727364776,
        0.02249635699180976
      ],
      [
        0.8218277449564618,
        0.07643244009638213,
        0.10173981494715606
      ]
    ],
    [
      [
        0.7503130676871812,
        0.24968692947635118,
        2.8364676586269134e-09
      ],
      [
        0.13429017971729554,
        0.8657098187281834,
        1.5545210813529395e-09
      ],
      [
        8.914774088995286e-07,
        0.6691167677554538,
        0.3308823407671373
      ]
    ],
    [
      [
        0.881413694621428,
        0.11858630390976083,
        1.468811167455094e-09
      ],
      [
        0.3698312029960172,
        0.6258534837833402,
        0.004315313220642618
      ],
      [
        3.4546012702035246e-07,
        0.9999994473873517,
        2.0715252134622224e-07
      ]
    ]
  ],
  "kappaS": {
    "0.06": 4.8105614056768795,
    "0.12": 10.991125447715035,
    "0.24": 28.63636697961053
  },
  "kappaP": {
    "80": 2.9377136386311684,
    "40": 22.889649653016658,
    "20": 37.10706960753653,
    "10": 79.63026454184187
  }
}