{
  "rho": [
    0.21859759364713924,
    0.3448284086937777,
    0.4365739976590831
  ],
  "pi": [
    [
      0.9999993440694118,
      2.5644779075933965e-07,
      3.994827973772879e-07
    ],
    [
      0.6476994251577463,
      1.5767332426677173e-07,
      0.3523004171689297
    ],
    [
      0.7259298842839589,
      7.612232059097743e-07,
      0.2740693544928352
    ]
  ],
  "A": [
    [
      [
        0.992469304538462,
        0.006305112353785152,
        0.0012255831077528537
      ],
      [
        0.42355861893286983,
        0.5764377795204797,
        3.6015466501587037e-06
      ],
      [
        0.9996468683864906,
        0.00034846446741136356,
        4.667146097897731e-06
      ]
    ],
    [
      [
        0.8256405439583974,
        0.1581516455033598,
        0.016207810538242842
      ],
      [
        0.00840500869804388,
        0.9915949898239506,
        1.4780055100903105e-09
      ],
      [
        0.41150230894855294,
        0.08709789137184706,
        0.5013997996796
      ]
    ],
    [
      [
        0.8307306959098653,
        0.16926930310188348,
        9.882512887770583e-10
      ],
      [
        0.5740451047986231,
        0.4259548924861981,
        2.715178710376771e-09
      ],
      [
        0.0751931678612599,
        1.637475789486553e-07,
        0.9248066683911612
      ]
    ]
  ],
  "kappaS": {
    "0.06": 1.2530388117181703,
    "0.12": 3.161152403774027,
    "0.24": 13.791435493608898
  },
  "kappaP": {
    "80": 1e-06,
    "40": 6.940209424093007,
    "20": 8.186554415753525,
    "10": 10.067677679298004
  }
}