{
  "initial_prob": [
    0.8228855359133844,
    0.17711441767752797,
    4.64090875748135e-08
  ],
  "transition_matrix": [
    [
      0.732840152959725,
      0.2640496563663053,
      0.0031101906739697143
    ],
    [
      0.663511295499057,
      0.3364886952287378,
      9.27220513831887e-09
    ],
    [
      0.1056683708716721,
      0.8943312674467546,
      3.616815732241963e-07
    ]
  ],
  "kappaS": {
    "0.06": 2.6135564985310284,
    "0.12": 7.273253196922481,
    "0.24": 18.79421637286121
  },
  "kappaP": {
    "80": 0.9762896335689645,
    "40": 1.2249273251975588,
    "20": 15.714808095123162,
    "10": 19.321376924103628
  }
}