{
  "rho": [
    0.21449971539283222,
    0.2858066928614147,
    0.4996935917457531
  ],
  "pi": [
    [
      4.808785216462715e-07,
      0.9999991320880102,
      3.870334682012825e-07
    ],
    [
      1.2712187980377535e-06,
      0.7208144945955289,
      0.27918423418567295
    ],
    [
      1.7710779847883456e-07,
      0.9999996660580737,
      1.5683412771671888e-07
    ]
  ],
  "A": [
    [
      [
        0.636983540359324,
        0.3594213849892704,
        0.003595074651405528
      ],
      [
        0.2636400517016245,
        0.7363599425348034,
        5.763571969050309e-09
      ],
      [
        2.6097605852193765e-06,
        0.999992769001117,
        4.621238297824029e-06
      ]
    ],
    [
      [
        0.6473591203243878,
        0.35264085630733766,
        2.336827455728116e-08
      ],
      [
        0.030015306427762446,
        0.9699846914220132,
        2.1502244834204966e-09
      ],
      [
        1.0474951518614776e-06,
        0.9999979945231385,
        9.579817093334396e-07
      ]
    ],
    [
      [
        0.5508700625334235,
        0.3020262045107902,
        0.1471037329557864
      ],
      [
        0.2054637651254221,
        0.7322585934235487,
        0.06227764145102924
      ],
      [
        0.25015306429364825,
        0.13947915354927462,
        0.6103677821570771
      ]
    ]
  ],
  "kappaS": {
    "0.06": 2.6176954764607694,
    "0.12": 4.345046060835393,
    "0.24": 12.806775525792021
  },
  "kappaP": {
    "80": 19.203521461580205,
    "40": 25.9540405828134,
    "20": 22.76100608714517,
    "10": 58.44739811601973
  }
}