{
  "rho": [
    0.252204596762732,
    0.3899270083350619,
    0.3578683949022062
  ],
  "pi": [
    [
      1.8671801772530828e-07,
      0.9999996750728654,
      1.3820911683605314e-07
    ],
    [
      1.2254667135357055e-07,
      0.9092082453251861,
      0.09079163212814255
    ],
    [
      0.20090296941203833,
      0.7990967054837012,
      3.2510426044430066e-07
    ]
  ],
  "A": [
    [
      [
        0.5351485887831621,
        0.45415360288469697,
        0.01069780833214096
      ],
      [
        0.3162649616668197,
        0.649822579847293,
        0.03391245848588734
      ],
      [
        0.2819528657300077,
        0.3276741907281112,
        0.3903729435418812
      ]
    ],
    [
      [
        0.8327093379660746,
        0.1672906578594183,
        4.174507025044941e-09
      ],
      [
        0.027276402022525657,
        0.972723597069691,
        9.077832873707894e-10
      ],
      [
        9.87886324572682e-07,
        0.9999980388475546,
        9.732661208781574e-07
      ]
    ],
    [
      [
        0.49490118258513255,
        0.33839917761413363,
        0.1666996398007338
      ],
      [
        0.3145600743764547,
        0.5494186263821056,
        0.1360212992414398
      ],
      [
        0.26706547828628624,
        0.26336555960172453,
        0.46956896211198906
      ]
    ]
  ],
  "kappaS": {
    "0.06": 2.4030125971152745,
    "0.12": 4.689531454923097,
    "0.24": 12.81553697756953
  },
  "kappaP": {
    "80": 21.38975380601689,
    "40": 25.53988221903985,
    "20": 25.446300867049377,
    "10": 58.09018187850736
  }
}