{
  "kappaS": {
    "0.06": 1.4595846323936632,
    "0.12": 3.73348853558375,
    "0.24": 8.454573708505837
  },
  "kappaP": {
    "80": 0.3853337972850402,
    "40": 8.187441881282886,
    "20": 23.47410615688104,
    "10": 22.6426300325371
  },
  "weights": [
    0.6,
    0.35,
    0.05
  ],
  "rho": [
    0.5356069947913726,
    0.3928613489485432,
    0.07153165626008422
  ],
  "class_weights": [
    [
      0.6467969299886158,
      0.27127156573798544,
      0.08193150427339865
    ],
    [
      0.16553806108429722,
      0.8165713370251887,
      0.017890601890514113
    ],
    [
      0.3503132950296649,
      6.507181678563094e-08,
      0.6496866398985183
    ]
  ]
}