{
  "rho": [
    0.245956730699318,
    0.3529695109359763,
    0.4010737583647056
  ],
  "pi": [
    [
      0.7738491602818154,
      0.22615067274050882,
      1.6697767574393486e-07
    ],
    [
      0.1691577907006834,
      0.4208070158506549,
      0.41003519344866185
    ],
    [
      0.7338108246682921,
      0.2661889869574104,
      1.8837429754911405e-07
    ]
  ],
  "A": [
    [
      [
        0.9288535676547746,
        0.008853167496787058,
        0.06229326484843839
      ],
      [
        0.40960727558195287,
        0.583279588761019,
        0.0071131356570282136
      ],
      [
        0.7801593288090756,
        5.63278625683005e-08,
        0.21984061486306183
      ]
    ],
    [
      [
        0.6588368111898097,
        0.3411631818036702,
        7.0065199663803395e-09
      ],
      [
        0.1256589522879911,
        0.8743410464183738,
        1.293634976168993e-09
      ],
      [
        0.9999985312512618,
        7.870091614280465e-07,
        6.817395765332912e-07
      ]
    ],
    [
      [
        0.7288288975339581,
        0.2099921921354924,
        0.06117891033054951
      ],
      [
        0.7209675008834828,
        0.2610606547705113,
        0.017971844346005673
      ],
      [
        0.9175280336170935,
        7.49698748336497e-05,
        0.08239699650807278
      ]
    ]
  ],
  "kappaS": {
    "0.06": 1.6888896909042719,
    "0.12": 5.582768286181103,
    "0.24": 17.067134851371183
  },
  "kappaP": {
    "80": 8.509989656490726,
    "40": 12.77550938308232,
    "20": 11.841192716252927,
    "10": 12.838360231345558
  }
}