{
  "initial_prob": [
    0.6475762342713447,
    0.3524236987632739,
    6.696538134536582e-08
  ],
  "transition_matrix": [
    [
      0.9464161674511345,
      0.0057819727310826335,
      0.04780185981778292
    ],
    [
      0.010989780070424955,
      0.9890101914197833,
      2.850979171410928e-08
    ],
    [
      0.7619215247915402,
      0.007013004330600168,
      0.23106547087785975
    ]
  ],
  "kappaS": {
    "0.06": 1.333581104186357,
    "0.12": 3.5376801692569804,
    "0.24": 13.323541305467531
  },
  "kappaP": {
    "80": 1e-06,
    "40": 3.5665194735172085,
    "20": 7.602414397826383,
    "10": 10.321067127889423
  }
}