{
  "rho": [
    0.2500500942746671,
    0.40001310586548317,
    0.3499367998598497
  ],
  "pi": [
    [
      0.6503276307963756,
      0.23060202061946086,
      0.11907034858416346
    ],
    [
      2.9319831294644436e-07,
      0.856008697953317,
      0.14399100884837013
    ],
    [
      2.478814434029519e-07,
      9.867914231818797e-07,
      0.9999987653271334
    ]
  ],
  "A": [
    [
      [
        0.47779957182816685,
        0.522091687825527,
        0.00010874034630605974
      ],
      [
        0.5733706057307812,
        0.33300080610304134,
        0.09362858816617747
      ],
      [
        0.02075457277420366,
        0.8057260231577008,
        0.17351940406809543
      ]
    ],
    [
      [
        0.9160253776969299,
        0.034904250905968215,
        0.04907037139710181
      ],
      [
        0.005246352257224455,
        0.9938487524682307,
        0.0009048952745449901
      ],
      [
        0.6668831803925775,
        0.3331162818888091,
        5.377186133762029e-07
      ]
    ],
    [
      [
        0.6153758163872798,
        3.104958085033855e-05,
        0.38459313403186973
      ],
      [
        0.999998165517107,
        2.0619131150703425e-07,
        1.6282915815325438e-06
      ],
      [
        0.6173670337165637,
        0.06000372022335975,
        0.3226292460600766
      ]
    ]
  ],
  "kappaS": {
    "0.06": 0.9672147061797227,
    "0.12": 2.95350920320136,
    "0.24": 10.74652945745983
  },
  "kappaP": {
    "80": 2.187110869131233,
    "40": 3.5111218427260145,
    "20": 4.614314052633348,
    "10": 8.134570095978562
  }
}