{
  "kappaS": {
    "0.06": 2.503487740111115,
    "0.12": 5.294315859502669,
    "0.24": 14.365384389266872
  },
  "kappaP": {
    "80": 21.184345623236442,
    "40": 13.002585119585857,
    "20": 25.886178780800805,
    "10": 62.689195772642634
  },
  "weights": [
    0.6,
    0.35,
    0.05
  ],
  "rho": [
    0.3783146346767947,
    0.29340278464999137,
    0.3282825806732139
  ],
  "class_weights": [
    [
      0.3697734290794105,
      0.4230713666663282,
      0.20715520425426132
    ],
    [
      0.09319641524132008,
      0.9068035841171521,
      6.415277040640847e-10
    ],
    [
      0.3562426009766085,
      0.6345652556878695,
      0.009192143335522077
    ]
  ]
}