{
  "subject_id": 4,
  "split_id": 2,
  "n_train_trials": 2554,
  "n_test_trials": 856,
  "converged": false,
  "n_iterations": 300,
  "train_ll": -2355.8555097315502,
  "test_total_ll": -122.44859344672628,
  "test_ll_per_trial": -0.14304742225084846,
  "monotonic": true
}