{
  "rho": [
    0.6666505463502258,
    0.1666667083385192,
    0.16668274531125518
  ],
  "pi": [
    [
      0.4434369635708105,
      0.532728739487492,
      0.02383429694169754
    ],
    [
      7.442325605901045e-07,
      0.999998690734889,
      5.650325506208134e-07
    ],
    [
      9.54733731230216e-07,
      0.33820529045075937,
      0.6617937548155095
    ]
  ],
  "A": [
    [
      [
        0.8217441824409552,
        0.10164798842133614,
        0.07660782913770856
      ],
      [
        0.5633543442602332,
        0.4366389000983051,
        6.755641461704966e-06
      ],
      [
        0.701862769396139,
        0.1325959638312243,
        0.16554126677263664
      ]
    ],
    [
      [
        0.6770593031454387,
        0.32022816018588723,
        0.002712536668674065
      ],
      [
        0.035796499343882626,
        0.9642034964649021,
        4.1912154015018044e-09
      ],
      [
        2.0189245126689132e-05,
        0.9999661394486539,
        1.3671306219401617e-05
      ]
    ],
    [
      [
        0.4395515260271505,
        0.5046448793909678,
        0.055803594581881666
      ],
      [
        0.5249205223328182,
        0.4529238084358066,
        0.022155669231375366
      ],
      [
        0.8730432803944337,
        0.12695644904419517,
        2.705613711791207e-07
      ]
    ]
  ],
  "kappaS": {
    "0.06": 1.7688887343776636,
    "0.12": 4.617930305988166,
    "0.24": 10.049516888878877
  },
  "kappaP": {
    "80": 9.219308753184393,
    "40": 12.277801725004153,
    "20": 15.11925479959225,
    "10": 24.031283018773888
  }
}