{
  "kappaS": {
    "0.06": 1.3741152683704294,
    "0.12": 3.648733956999323,
    "0.24": 14.69078745840961
  },
  "kappaP": {
    "80": 1e-06,
    "40": 6.478167130669749,
    "20": 8.467010554598817,
    "10": 10.956682854411952
  },
  "weights": [
    0.6,
    0.35,
    0.05
  ],
  "rho": [
    0.3068367738369265,
    0.34285714202422357,
    0.3503060841388499
  ],
  "class_weights": [
    [
      0.9619948037242602,
      1.1752500776710695e-07,
      0.038005078750731995
    ],
    [
      0.097495780092142,
      0.8991162673860265,
      0.003387952521831398
    ],
    [
      0.7443081361380698,
      0.2501860836811012,
      0.005505780180829048
    ]
  ]
}