{
  "rho": [
    0.47144931599322243,
    0.36842104707363765,
    0.1601296369331398
  ],
  "pi": [
    [
      0.3286457600620421,
      0.624467145584114,
      0.04688709435384391
    ],
    [
      2.0742298006195937e-07,
      0.9999996399253421,
      1.5265167769771803e-07
    ],
    [
      4.769470832824349e-07,
      0.6212915790190001,
      0.37870794403391655
    ]
  ],
  "A": [
    [
      [
        0.7878748254400799,
        0.1219420075432663,
        0.09018316701665365
      ],
      [
        0.6729367762175626,
        0.3270631401444672,
        8.363797016251614e-08
      ],
      [
        0.6657995997942076,
        0.13090234501714001,
        0.20329805518865238
      ]
    ],
    [
      [
        0.6386941890440694,
        0.361305797020143,
        1.3935787550928812e-08
      ],
      [
        0.036273852541755136,
        0.9637261462669707,
        1.1912743071606744e-09
      ],
      [
        0.3535486784315167,
        0.3978468270974964,
        0.24860449447098693
      ]
    ],
    [
      [
        0.45241176534134364,
        0.49519060572606227,
        0.052397628932594
      ],
      [
        0.4898355166904729,
        0.5022434609781473,
        0.007921022331379564
      ],
      [
        0.6347733778307366,
        0.17951281416798184,
        0.18571380800128157
      ]
    ]
  ],
  "kappaS": {
    "0.06": 1.8551099044933614,
    "0.12": 4.98183895138112,
    "0.24": 10.549984720315344
  },
  "kappaP": {
    "80": 9.648585310976337,
    "40": 11.077203357476916,
    "20": 13.054311272366517,
    "10": 23.010515834708787
  }
}