{
  "rho": [
    0.3609043196071546,
    0.3333176381989001,
    0.30577804219394533
  ],
  "pi": [
    [
      0.7073621713199754,
      0.29263769377042026,
      1.3490960443076025e-07
    ],
    [
      0.47622658455644423,
      0.33174989896972756,
      0.1920235164738282
    ],
    [
      0.8595867554821794,
      0.14041288931698065,
      3.552008398319829e-07
    ]
  ],
  "A": [
    [
      [
        0.8998649565868921,
        0.04195638288672253,
        0.058178660526385303
      ],
      [
        0.4678463533010596,
        0.4889978711963041,
        0.04315577550263626
      ],
      [
        0.8028561747166835,
        6.697717522449899e-05,
        0.1970768481080921
      ]
    ],
    [
      [
        0.6811305439373722,
        0.3188694504984421,
        5.5641856882152636e-09
      ],
      [
        0.12207704917506342,
        0.8779229491577947,
        1.6671419471128862e-09
      ],
      [
        0.994600029125056,
        0.005398953234303075,
        1.0176406409688522e-06
      ]
    ],
    [
      [
        0.7080121464366683,
        0.2402437402657622,
        0.051744113297569554
      ],
      [
        0.7631462397361763,
        0.22738748463283298,
        0.009466275630990619
      ],
      [
        0.7884259852264229,
        0.08662976832902468,
        0.12494424644455214
      ]
    ]
  ],
  "kappaS": {
    "0.06": 1.7074878498811417,
    "0.12": 5.747571472196781,
    "0.24": 17.561874629368315
  },
  "kappaP": {
    "80": 9.236982692316134,
    "40": 13.054002467366303,
    "20": 12.234518599617076,
    "10": 13.39546648266874
  }
}