{
  "rho": [
    0.6315788904921575,
    0.31578947590794115,
    0.0526316335999014
  ],
  "pi": [
    [
      0.19406450719065804,
      0.8059351118270254,
      3.8098231660305665e-07
    ],
    [
      2.732636675914388e-07,
      0.6984720814192814,
      0.3015276453170509
    ],
    [
      1.0947632216900362e-06,
      0.9999978433404301,
      1.0618963481471343e-06
    ]
  ],
  "A": [
    [
      [
        0.8625909239137916,
        0.1374043118066333,
        4.764279575240524e-06
      ],
      [
        0.7932690816067937,
        0.11192240431224838,
        0.09480851408095792
      ],
      [
        0.9999994445273575,
        4.364238302105197e-07,
        1.1904881248137518e-07
      ]
    ],
    [
      [
        0.13684712607471763,
        0.8631528664571615,
        7.468120912055681e-09
      ],
      [
        0.21595380757373395,
        0.7826671792914868,
        0.0013790131347792948
      ],
      [
        6.763874754189427e-07,
        0.46536609232401493,
        0.5346332312885097
      ]
    ],
    [
      [
        0.24077087152188978,
        0.4723220871019306,
        0.28690704137617945
      ],
      [
        0.3958668734813478,
        0.5730912097234945,
        0.03104191679515741
      ],
      [
        0.6523651417572801,
        0.0546998495619502,
        0.2929350086807699
      ]
    ]
  ],
  "kappaS": {
    "0.06": 2.295563189636609,
    "0.12": 7.149880753889529,
    "0.24": 17.617288307902758
  },
  "kappaP": {
    "80": 1.4028629494816918,
    "40": 3.2243960737558504,
    "20": 14.703806750000588,
    "10": 47.70124756532724
  }
}