{
  "subject_id": 2,
  "fold_id": 3,
  "n_train_trials": 5747,
  "n_test_trials": 2130,
  "converged": true,
  "n_iterations": 84,
  "train_ll": -3000.5827464097047,
  "test_total_ll": -1136.8477348888664,
  "test_ll_per_trial": -0.5337313309337401,
  "monotonic": true
}