{
  "rho": [
    0.2967755003094918,
    0.332849886841248,
    0.3703746128492601
  ],
  "pi": [
    [
      1.8823779151485993e-07,
      0.999999673405018,
      1.3835719054216186e-07
    ],
    [
      0.12597728503176256,
      0.8740225872671011,
      1.2770113629718596e-07
    ],
    [
      1.1546375648281698e-07,
      0.9999997766371224,
      1.0789912099898749e-07
    ]
  ],
  "A": [
    [
      [
        0.49111487084453426,
        0.5075319487089542,
        0.0013531804465116977
      ],
      [
        0.2666368077425737,
        0.7333631882107147,
        4.046711516689642e-09
      ],
      [
        6.754573694704591e-06,
        0.9999892877124891,
        3.957713816222981e-06
      ]
    ],
    [
      [
        0.740651040567459,
        0.25853973187675816,
        0.0008092275557828017
      ],
      [
        0.030462517555813994,
        0.9639544221650275,
        0.00558306027915853
      ],
      [
        0.4201728041377608,
        1.1308812476397984e-07,
        0.5798270827741144
      ]
    ],
    [
      [
        0.4617580299024667,
        0.3275745764838619,
        0.2106673936136713
      ],
      [
        0.30910851271354767,
        0.5828294266021163,
        0.10806206068433599
      ],
      [
        0.3041002878647416,
        0.2658427098036094,
        0.43005700233164895
      ]
    ]
  ],
  "kappaS": {
    "0.06": 2.5348710063888142,
    "0.12": 5.038356571563792,
    "0.24": 12.286113142117463
  },
  "kappaP": {
    "80": 21.246401796693075,
    "40": 10.695737564381032,
    "20": 28.85360244615886,
    "10": 64.5596779361502
  }
}