{
  "rho": [
    0.588235724468549,
    0.4117642167079321,
    5.88235190311437e-08
  ],
  "pi": [
    [
      0.6788489161716326,
      3.905292875392718e-07,
      0.32115069329908
    ],
    [
      1.4632932318927426e-06,
      0.8074394250940423,
      0.19255911161272565
    ],
    [
      0.3333333333333333,
      0.3333333333333333,
      0.3333333333333333
    ]
  ],
  "A": [
    [
      [
        0.8029869899220278,
        0.16553142312194236,
        0.03148158695602993
      ],
      [
        0.720072865460048,
        0.25609888115372953,
        0.023828253386222506
      ],
      [
        0.8259596562192876,
        0.17404030071006518,
        4.307064703775411e-08
      ]
    ],
    [
      [
        0.5380099899018401,
        0.46199000701668436,
        3.0814754778641883e-09
      ],
      [
        0.19135885076151696,
        0.808641148017533,
        1.2209499414301932e-09
      ],
      [
        1.4974251634350077e-06,
        0.9999976809752199,
        8.215996166500709e-07
      ]
    ],
    [
      [
        0.33333333333333337,
        0.3333333333333333,
        0.33333333333333315
      ],
      [
        0.3333333333333335,
        0.3333333333333333,
        0.3333333333333332
      ],
      [
        0.33333333333333337,
        0.33333333333333337,
        0.33333333333333326
      ]
    ]
  ],
  "kappaS": {
    "0.06": 3.7527082429370324,
    "0.12": 12.61734592700074,
    "0.24": 29.549101076592603
  },
  "kappaP": {
    "80": 38.8863435360511,
    "40": 51.8058947895295,
    "20": 28.437507706073045,
    "10": 40.91044186217685
  }
}