{
  "subject_id": 5,
  "split_id": 1,
  "n_train_trials": 2130,
  "n_test_trials": 852,
  "converged": false,
  "n_iterations": 300,
  "train_ll": -2380.1735083366602,
  "test_total_ll": -1086.2388586079767,
  "test_ll_per_trial": -1.2749282378027895,
  "monotonic": true
}