{
  "rho": [
    0.28377926205782833,
    0.35848494155025334,
    0.3577357963919184
  ],
  "pi": [
    [
      0.002211864042717208,
      0.9977876889431054,
      4.4701417739197576e-07
    ],
    [
      0.938225460049003,
      4.421576944779264e-07,
      0.06177409779330261
    ],
    [
      0.5349599202000666,
      0.46503964644988366,
      4.333500496467447e-07
    ]
  ],
  "A": [
    [
      [
        0.9803759344295377,
        0.019624056762096453,
        8.80836578432637e-09
      ],
      [
        0.9999986767998144,
        1.1387819930641922e-06,
        1.8441819254644357e-07
      ],
      [
        0.3892581057613367,
        0.4012856841198076,
        0.20945621011885565
      ]
    ],
    [
      [
        0.8956427996869701,
        0.10435719080648133,
        9.506548439350392e-09
      ],
      [
        0.743705042136954,
        0.2562948323149864,
        1.2554805952386863e-07
      ],
      [
        3.4313633969709904e-06,
        0.4520440978030078,
        0.5479524708335952
      ]
    ],
    [
      [
        0.6940242052681233,
        0.3059757883285111,
        6.4033657467316335e-09
      ],
      [
        0.879447085752636,
        0.12055289535605733,
        1.8891306784650964e-08
      ],
      [
        0.4645933081202105,
        0.33875004419242594,
        0.19665664768736343
      ]
    ]
  ],
  "kappaS": {
    "0.06": 1.706307193569885,
    "0.12": 3.795379402090036,
    "0.24": 9.565168044508239
  },
  "kappaP": {
    "80": 1.0895210369389612,
    "40": 1.4966010352712609,
    "20": 2.8695862060177624,
    "10": 106.67728656040693
  }
}