{
  "kappaS": {
    "0.06": 1.4867684265115968,
    "0.12": 3.9698308452935254,
    "0.24": 17.00018558357505
  },
  "kappaP": {
    "80": 1e-06,
    "40": 0.6500804305405236,
    "20": 14.512454127694813,
    "10": 18.384286258178935
  },
  "weights": [
    0.6,
    0.35,
    0.05
  ],
  "rho": [
    0.5668032557171123,
    0.2343209076417541,
    0.19887583664113362
  ],
  "class_weights": [
    [
      0.9531665790362304,
      0.046823156163843,
      1.026479992662676e-05
    ],
    [
      0.10963641800190334,
      0.8849123371582746,
      0.005451244839822231
    ],
    [
      0.45232575623483845,
      0.5362783118138332,
      0.011395931951328351
    ]
  ]
}