{
  "rho": [
    0.447993685000932,
    0.1726956733494076,
    0.37931064164966033
  ],
  "pi": [
    [
      1.2320666269527026e-07,
      0.9999997919119148,
      8.488142251173898e-08
    ],
    [
      0.22329880067101582,
      0.776700970287491,
      2.290414931288868e-07
    ],
    [
      0.1971393522082717,
      0.8028600810522893,
      5.667394389206014e-07
    ]
  ],
  "A": [
    [
      [
        0.6573172641285694,
        0.34268273196399596,
        3.907434620116322e-09
      ],
      [
        0.14895405707273784,
        0.8510459416616204,
        1.2656417342831863e-09
      ],
      [
        0.43417868559778067,
        0.21341724623096558,
        0.35240406817125375
      ]
    ],
    [
      [
        0.6156852697188826,
        0.3645619689753934,
        0.019752761305723836
      ],
      [
        0.018624847265998633,
        0.9721130805280755,
        0.009262072205925799
      ],
      [
        0.38467420203511127,
        1.0495408779249467e-07,
        0.6153256930108009
      ]
    ],
    [
      [
        0.4781260763731148,
        0.32600136220882514,
        0.19587256141806006
      ],
      [
        0.33100346941480036,
        0.5397452397190269,
        0.12925129086617274
      ],
      [
        0.27246989865112897,
        0.25379009950346515,
        0.4737400018454059
      ]
    ]
  ],
  "kappaS": {
    "0.06": 2.7979682018409333,
    "0.12": 5.161335813329778,
    "0.24": 15.513551422424504
  },
  "kappaP": {
    "80": 23.08418324212287,
    "40": 10.175611973288156,
    "20": 36.84917439396785,
    "10": 63.6875491833065
  }
}