{
  "kappaS": {
    "0.06": 1.188461648411846,
    "0.12": 3.457205676643386,
    "0.24": 8.521668827047279
  },
  "kappaP": {
    "80": 11.481815762633177,
    "40": 8.064958521938536,
    "20": 10.006871576820666,
    "10": 15.139309590591731
  },
  "weights": [
    0.6,
    0.35,
    0.05
  ],
  "rho": [
    0.43332924584710797,
    0.39999573326998256,
    0.16667502088290945
  ],
  "class_weights": [
    [
      0.7351510605521333,
      0.06842387582106925,
      0.19642506362679746
    ],
    [
      0.07763166934681065,
      0.9203948104201328,
      0.0019735202330563692
    ],
    [
      0.4017168558895531,
      0.5386936239394505,
      0.05958952017099633
    ]
  ]
}