{
  "rho": [
    0.3619019382881801,
    0.31991624146593767,
    0.3181818202458822
  ],
  "pi": [
    [
      0.06925339463654397,
      0.6535537465909883,
      0.27719285877246763
    ],
    [
      5.435041229400283e-07,
      0.9349200824271223,
      0.06507937406875473
    ],
    [
      2.480150686260675e-07,
      2.641462979723392e-07,
      0.9999994878386333
    ]
  ],
  "A": [
    [
      [
        0.44976483557004726,
        0.5433133093977985,
        0.006921855032154224
      ],
      [
        0.45581322210103214,
        0.48855970042078933,
        0.05562707747817843
      ],
      [
        0.024100871525721164,
        0.7929200530313804,
        0.1829790754428984
      ]
    ],
    [
      [
        0.34563183900658834,
        0.6543681360207614,
        2.4972650179773726e-08
      ],
      [
        0.04340307271316913,
        0.9565969257049312,
        1.5818996615734301e-09
      ],
      [
        4.7044138166739514e-06,
        0.9999924746006401,
        2.820985543134839e-06
      ]
    ],
    [
      [
        0.4431649103825031,
        7.557930907330159e-09,
        0.556835082059566
      ],
      [
        0.3706281062501765,
        0.16769796293463232,
        0.4616739308151912
      ],
      [
        0.5682137670814218,
        1.0650822250141171e-08,
        0.43178622226775604
      ]
    ]
  ],
  "kappaS": {
    "0.06": 1.3065950486574769,
    "0.12": 3.2536540144031747,
    "0.24": 11.167294659898598
  },
  "kappaP": {
    "80": 2.4154175674418332,
    "40": 4.019012193226452,
    "20": 4.131302835937007,
    "10": 8.278168498721787
  }
}