{
  "rho": [
    0.6215732221233892,
    0.378426750849586,
    2.7027024835649707e-08
  ],
  "pi": [
    [
      0.8162913859641172,
      1.390060571127991e-07,
      0.18370847502982568
    ],
    [
      0.7191322669120647,
      0.21252590058351045,
      0.06834183250442488
    ],
    [
      0.33333333333335374,
      0.33333333333332066,
      0.33333333333332543
    ]
  ],
  "A": [
    [
      [
        0.8228062361821894,
        0.13276324828779384,
        0.04443051553001681
      ],
      [
        0.7463333394712481,
        0.24877007849047633,
        0.00489658203827546
      ],
      [
        0.918177862187001,
        0.05925936961627489,
        0.022562768196724092
      ]
    ],
    [
      [
        0.3729096814139632,
        0.6270903167474241,
        1.8386126523615313e-09
      ],
      [
        0.20603203024685512,
        0.7939679691650781,
        5.880668205543713e-10
      ],
      [
        0.9999939498813535,
        4.725027460832972e-06,
        1.325091185678194e-06
      ]
    ],
    [
      [
        0.3333333333340652,
        0.33333333333275345,
        0.33333333333318127
      ],
      [
        0.33333333333360626,
        0.3333333333331068,
        0.3333333333332869
      ],
      [
        0.333333333333827,
        0.3333333333330426,
        0.33333333333313037
      ]
    ]
  ],
  "kappaS": {
    "0.06": 3.172233252717265,
    "0.12": 10.871593803099366,
    "0.24": 27.96132560123329
  },
  "kappaP": {
    "80": 51.58968697350278,
    "40": 59.72072999729608,
    "20": 25.809218552158356,
    "10": 38.523197717533954
  }
}