{
  "subject_id": 4,
  "fold_id": 2,
  "n_train_trials": 3734,
  "n_test_trials": 1065,
  "converged": true,
  "n_iterations": 217,
  "train_ll": -2801.793448707928,
  "test_total_ll": -776.2669402715728,
  "test_ll_per_trial": -0.728889145794904,
  "monotonic": true
}