{
  "rho": [
    0.49972690720594065,
    0.3333333332812507,
    0.1669397595128087
  ],
  "pi": [
    [
      0.22457453539433464,
      0.7754253099500169,
      1.54655648670505e-07
    ],
    [
      2.7367909508467645e-07,
      0.9999995473747139,
      1.789461909956201e-07
    ],
    [
      4.973073418458108e-07,
      0.6107408991409834,
      0.3892586035516748
    ]
  ],
  "A": [
    [
      [
        0.8269029039737313,
        0.0964650833972943,
        0.07663201262897444
      ],
      [
        0.5046488440894652,
        0.49535105835286636,
        9.755766826628915e-08
      ],
      [
        0.7567382970098077,
        0.04226182357416835,
        0.20099987941602387
      ]
    ],
    [
      [
        0.571313214000672,
        0.42868676229117064,
        2.3708157132664573e-08
      ],
      [
        0.03220486554518612,
        0.9677951330905914,
        1.364222381768536e-09
      ],
      [
        0.3291337362717068,
        0.4332232927018787,
        0.23764297102641438
      ]
    ],
    [
      [
        0.4437355267281924,
        0.5060046935097564,
        0.05025977976205131
      ],
      [
        0.4740113978473426,
        0.5190557763532675,
        0.006932825799390052
      ],
      [
        0.6284422966412158,
        0.2096198666728554,
        0.16193783668592887
      ]
    ]
  ],
  "kappaS": {
    "0.06": 1.7489500737247923,
    "0.12": 4.957605326448792,
    "0.24": 10.590590244640705
  },
  "kappaP": {
    "80": 8.10749698867494,
    "40": 10.349309564228374,
    "20": 12.521370203090884,
    "10": 20.573009506552772
  }
}