{
  "rho": [
    0.6823602976200612,
    0.3176396569253996,
    4.545453925619918e-08
  ],
  "pi": [
    [
      0.07101901246204827,
      0.8128316453592591,
      0.11614934217869256
    ],
    [
      2.302926202355186e-07,
      0.690095927694129,
      0.3099038420132507
    ],
    [
      0.3333333333333333,
      0.3333333333333333,
      0.3333333333333333
    ]
  ],
  "A": [
    [
      [
        0.8144781336516382,
        0.1816658604139625,
        0.0038560059343991514
      ],
      [
        0.7041591530325718,
        0.29584083727139016,
        9.696038059928868e-09
      ],
      [
        0.6251451468939977,
        6.718803733182723e-06,
        0.37484813430226904
      ]
    ],
    [
      [
        0.8507267051984587,
        0.14927329232044412,
        2.4810970369950308e-09
      ],
      [
        0.10884127052448495,
        0.8911587280451002,
        1.4304148527131645e-09
      ],
      [
        1.4170328744657184e-06,
        0.999998096275795,
        4.866913307672004e-07
      ]
    ],
    [
      [
        0.33333333333333337,
        0.33333333333333326,
        0.33333333333333326
      ],
      [
        0.3333333333333333,
        0.3333333333333333,
        0.3333333333333333
      ],
      [
        0.3333333333333333,
        0.3333333333333333,
        0.33333333333333326
      ]
    ]
  ],
  "kappaS": {
    "0.06": 6.038902030765074,
    "0.12": 13.097672475309217,
    "0.24": 33.75345801024823
  },
  "kappaP": {
    "80": 1.2000456910654957,
    "40": 14.015522083129982,
    "20": 34.437703803568226,
    "10": 68.84580506944563
  }
}