{
  "initial_prob": [
    0.5600987293986328,
    0.439901160149688,
    1.1045167912437517e-07
  ],
  "transition_matrix": [
    [
      0.8119667597514169,
      0.02089796569296972,
      0.1671352745556134
    ],
    [
      0.016619836493305142,
      0.9833801611754049,
      2.33128991502457e-09
    ],
    [
      0.767084831959126,
      1.0752687780359647e-08,
      0.2329151572881862
    ]
  ],
  "kappaS": {
    "0.06": 1.1028290042532622,
    "0.12": 3.5095238157290063,
    "0.24": 8.05590410625448
  },
  "kappaP": {
    "80": 2.0776261680883925,
    "40": 3.436507467074777,
    "20": 8.42630329908017,
    "10": 13.180694294298052
  }
}