{
  "rho": [
    0.2127088245370303,
    0.33333389158562643,
    0.4539572838773433
  ],
  "pi": [
    [
      0.999999295669051,
      3.3216962013849586e-07,
      3.721613287606147e-07
    ],
    [
      0.6028934253495012,
      2.0366873505494508e-07,
      0.3971063709817638
    ],
    [
      0.6994470342671897,
      5.1128300325482676e-06,
      0.3005478529027779
    ]
  ],
  "A": [
    [
      [
        0.9948770123260897,
        0.005119237800497551,
        3.749873412854608e-06
      ],
      [
        0.36020673723478946,
        0.6381963523587385,
        0.0015969104064719648
      ],
      [
        0.5230178429302476,
        0.4743439825810877,
        0.002638174488664746
      ]
    ],
    [
      [
        0.8252666443479899,
        0.15687378648520078,
        0.017859569166809506
      ],
      [
        0.009340885441572539,
        0.9906591127373315,
        1.8210958958741054e-09
      ],
      [
        0.47014124863796136,
        0.0357078378884021,
        0.4941509134736366
      ]
    ],
    [
      [
        0.8289791958269342,
        0.17102080310601858,
        1.0670470908322107e-09
      ],
      [
        0.7091947425516524,
        0.29080525344290764,
        4.00543998646897e-09
      ],
      [
        0.07295104269214853,
        2.7453007885203105e-07,
        0.9270486827777725
      ]
    ]
  ],
  "kappaS": {
    "0.06": 1.2037786329681373,
    "0.12": 3.110338742644394,
    "0.24": 14.033251799859256
  },
  "kappaP": {
    "80": 1e-06,
    "40": 5.753973451132765,
    "20": 7.927453938357885,
    "10": 9.62000535634277
  }
}