{
  "initial_prob": [
    0.5396072811610733,
    0.4603923622039719,
    3.566349549466793e-07
  ],
  "transition_matrix": [
    [
      0.8606268887457159,
      0.019476335924556512,
      0.11989677532972758
    ],
    [
      0.01771604622765253,
      0.9822839523861893,
      1.3861581710190214e-09
    ],
    [
      0.4453695481175667,
      5.134713588985e-09,
      0.5546304467477199
    ]
  ],
  "kappaS": {
    "0.06": 0.8482304026252542,
    "0.12": 2.002656382798482,
    "0.24": 8.915597021635879
  },
  "kappaP": {
    "80": 2.0654523785783696,
    "40": 3.3133305287328554,
    "20": 4.068916128573021,
    "10": 7.889877728169695
  }
}