{
  "rho": [
    0.21403420658995428,
    0.3157900963142782,
    0.47017569709576745
  ],
  "pi": [
    [
      0.9999989057882189,
      4.4000504394998705e-07,
      6.542067370083213e-07
    ],
    [
      0.46001105787931007,
      4.5925390488296675e-07,
      0.539988482866785
    ],
    [
      0.6156364781866203,
      1.7156619896271773e-06,
      0.38436180615139026
    ]
  ],
  "A": [
    [
      [
        0.9959300569016042,
        0.004069928558482947,
        1.4539912749673544e-08
      ],
      [
        0.0001582522826254365,
        0.5102117683762732,
        0.48962997934110125
      ],
      [
        0.5392524543565234,
        8.949057613803414e-07,
        0.4607466507377153
      ]
    ],
    [
      [
        0.7036542151895154,
        0.27006016761686485,
        0.0262856171936197
      ],
      [
        0.016489001785909986,
        0.9835109961825573,
        2.031532896587034e-09
      ],
      [
        0.4444486758120815,
        0.007964804813613321,
        0.5475865193743054
      ]
    ],
    [
      [
        0.8441857012622432,
        0.15581429745675948,
        1.2809972766797319e-09
      ],
      [
        0.716236545520138,
        0.28376344906305734,
        5.416804534992043e-09
      ],
      [
        0.07763958361175607,
        3.79271654244933e-07,
        0.9223600371165896
      ]
    ]
  ],
  "kappaS": {
    "0.06": 1.1760853637476973,
    "0.12": 3.1005359072221266,
    "0.24": 13.046540772938066
  },
  "kappaP": {
    "80": 1e-06,
    "40": 4.524311212647457,
    "20": 7.73075483937115,
    "10": 9.407117478900489
  }
}