{
  "rho": [
    0.1667119529415605,
    0.4166666457473618,
    0.41662140131107783
  ],
  "pi": [
    [
      6.608763522494117e-07,
      0.4831859175064655,
      0.5168134216171824
    ],
    [
      6.744022144899082e-05,
      0.3372308106833586,
      0.6627017490951924
    ],
    [
      1.2189505143421746e-06,
      0.3933272113280091,
      0.6066715697214765
    ]
  ],
  "A": [
    [
      [
        0.9510871552231163,
        0.0009503936790382636,
        0.04796245109784545
      ],
      [
        2.1631568469286375e-07,
        0.8928522703623051,
        0.10714751332201028
      ],
      [
        0.99999951705898,
        2.0097434165675798e-07,
        2.819666784195436e-07
      ]
    ],
    [
      [
        0.623635839522881,
        0.2836679600410404,
        0.09269620043607837
      ],
      [
        0.031356892109587704,
        0.9686430991253304,
        8.765081846108737e-09
      ],
      [
        0.5292038742522022,
        0.47079555099642273,
        5.747513752401471e-07
      ]
    ],
    [
      [
        0.7845474036237957,
        0.03706104953996784,
        0.17839154683623648
      ],
      [
        0.2468450286388213,
        0.753154683734702,
        2.8762647671917715e-07
      ],
      [
        0.5256454651165616,
        7.354059417843622e-08,
        0.47435446134284415
      ]
    ]
  ],
  "kappaS": {
    "0.06": 1.0833697370227355,
    "0.12": 3.964016015136452,
    "0.24": 8.870803010568688
  },
  "kappaP": {
    "80": 2.5256255835696573,
    "40": 8.434445889705332,
    "20": 10.202867446524264,
    "10": 19.686832742805407
  }
}