{
  "subject_id": 10,
  "fold_id": 2,
  "n_train_trials": 4333,
  "n_test_trials": 1711,
  "converged": false,
  "n_iterations": 300,
  "train_ll": -3930.2103590436527,
  "test_total_ll": -2161.3610099167086,
  "test_ll_per_trial": -1.2632150846970827,
  "monotonic": true
}