{
  "rho": [
    0.2603319380256899,
    0.4999984484331094,
    0.23966961354120064
  ],
  "pi": [
    [
      0.22207751307749,
      0.7779221718438469,
      3.150786630433418e-07
    ],
    [
      0.9999996623115787,
      2.0285217212868324e-07,
      1.3483624915249887e-07
    ],
    [
      0.09877231671686902,
      0.2526808084751897,
      0.6485468748079412
    ]
  ],
  "A": [
    [
      [
        0.7857870897462995,
        0.09084780247786907,
        0.1233651077758314
      ],
      [
        0.6248320554599094,
        0.10311252438979,
        0.2720554201503006
      ],
      [
        0.884243802050286,
        0.02871228037887639,
        0.08704391757083774
      ]
    ],
    [
      [
        0.6316799740564086,
        0.3110980976042786,
        0.057221928339312625
      ],
      [
        0.056156009498987844,
        0.9372997712518321,
        0.006544219249180094
      ],
      [
        0.6772666342820721,
        0.32273322447907526,
        1.412388526318749e-07
      ]
    ],
    [
      [
        0.7345046550038915,
        0.00022246923906833922,
        0.26527287575704017
      ],
      [
        0.0024096148137947066,
        0.8571386586255327,
        0.1404517265606726
      ],
      [
        0.7264741654573413,
        0.1576732269337254,
        0.11585260760893337
      ]
    ]
  ],
  "kappaS": {
    "0.06": 1.1637139724378696,
    "0.12": 2.9730734822612885,
    "0.24": 8.477764575252571
  },
  "kappaP": {
    "80": 0.8897579582222916,
    "40": 8.368157286174307,
    "20": 20.9983921281924,
    "10": 22.65208250350469
  }
}