{
  "rho": [
    0.5029212355820686,
    0.2585170917245066,
    0.23856167269342488
  ],
  "pi": [
    [
      0.627510041510562,
      0.3724898547084917,
      1.0378094613297831e-07
    ],
    [
      2.0184554781531185e-07,
      0.576716650726767,
      0.42328314742768514
    ],
    [
      2.431408942445286e-07,
      0.8366683846343305,
      0.16333137222477523
    ]
  ],
  "A": [
    [
      [
        0.815752524854282,
        0.13558004752436303,
        0.04866742762135501
      ],
      [
        0.7093423829833921,
        0.2906575844341196,
        3.2582488298565386e-08
      ],
      [
        0.903615658488513,
        9.078352688077611e-07,
        0.09638343367621809
      ]
    ],
    [
      [
        0.7674420724805018,
        0.23255792521186436,
        2.307633793664054e-09
      ],
      [
        0.16687280698882487,
        0.8331271894015669,
        3.6096081343837053e-09
      ],
      [
        4.940320776490135e-07,
        0.9999991858934165,
        3.2007450586684496e-07
      ]
    ],
    [
      [
        0.9220183584011346,
        0.07798164022567342,
        1.3731919238645845e-09
      ],
      [
        0.30452581504098025,
        0.690985241895247,
        0.004488943063772702
      ],
      [
        5.483228281993967e-07,
        0.9999990266170632,
        4.250601085732633e-07
      ]
    ]
  ],
  "kappaS": {
    "0.06": 5.317896219070984,
    "0.12": 11.922960970393014,
    "0.24": 28.901990294026067
  },
  "kappaP": {
    "80": 1.866813541947882,
    "40": 14.88050333432569,
    "20": 40.44386261962,
    "10": 80.84911617228546
  }
}