{
  "rho": [
    0.4649767445633765,
    0.2647058763711355,
    0.270317379065488
  ],
  "pi": [
    [
      0.8972413161628102,
      3.059844085789449e-07,
      0.1027583778527812
    ],
    [
      0.8584517280314101,
      0.140592994298418,
      0.000955277670171978
    ],
    [
      0.4657740068038329,
      0.3849944658452036,
      0.14923152735096348
    ]
  ],
  "A": [
    [
      [
        0.839979778244518,
        0.09333204143418317,
        0.06668818032129885
      ],
      [
        0.7656824188529905,
        0.1732022154353224,
        0.061115365711687
      ],
      [
        0.8939027677366128,
        0.07219610401910476,
        0.033901128244282444
      ]
    ],
    [
      [
        0.18371983424992824,
        0.8162801610737563,
        4.6763154942640985e-09
      ],
      [
        0.13277971647209355,
        0.8672202827683598,
        7.595466762578583e-10
      ],
      [
        0.00021782910127147786,
        0.9996557897386448,
        0.00012638116008362765
      ]
    ],
    [
      [
        0.6551922152850753,
        0.3426684727662096,
        0.0021393119487151946
      ],
      [
        0.6800892359283561,
        0.3199107612553766,
        2.8162671835611714e-09
      ],
      [
        0.5106718503765195,
        0.22291435236929366,
        0.26641379725418673
      ]
    ]
  ],
  "kappaS": {
    "0.06": 3.369575096439741,
    "0.12": 11.254705371023448,
    "0.24": 28.94485422395203
  },
  "kappaP": {
    "80": 62.061870934497165,
    "40": 44.3044412596244,
    "20": 25.45078894032233,
    "10": 32.26225385190277
  }
}