{
  "initial_prob": [
    0.8080654007960352,
    0.157305416688246,
    0.034629182515718886
  ],
  "transition_matrix": [
    [
      0.7523897718278288,
      0.24351895640516452,
      0.004091271767006629
    ],
    [
      0.6681351863114249,
      0.32843528770078523,
      0.0034295259877899
    ],
    [
      0.9887309220836052,
      2.193222603477647e-06,
      0.011266884693791208
    ]
  ],
  "kappaS": {
    "0.06": 6.1053592541941715,
    "0.12": 12.57608836080702,
    "0.24": 30.134136809220248
  },
  "kappaP": {
    "80": 1.16020951545559,
    "40": 15.53049651860178,
    "20": 43.79749859915228,
    "10": 133.9556140899757
  }
}