{
  "rho": [
    0.5999940972493888,
    0.4000058694172812,
    3.333333000235284e-08
  ],
  "pi": [
    [
      0.8866628200910752,
      2.87470531720468e-07,
      0.11333689243839305
    ],
    [
      0.515945194043722,
      0.36306851523271,
      0.12098629072356805
    ],
    [
      0.33333333334606535,
      0.33333333332549164,
      0.3333333333284429
    ]
  ],
  "A": [
    [
      [
        0.7885768429427579,
        0.16684604930810723,
        0.044577107749134856
      ],
      [
        0.7344011641351377,
        0.24915251346347278,
        0.01644632240138942
      ],
      [
        0.8404587141926885,
        0.118264674542494,
        0.04127661126481766
      ]
    ],
    [
      [
        0.40247309963542455,
        0.5975268985293406,
        1.8352347986277981e-09
      ],
      [
        0.2584151783181618,
        0.7415848209061465,
        7.756917117876523e-10
      ],
      [
        0.9998755175128456,
        0.00012360197281384975,
        8.805143405029418e-07
      ]
    ],
    [
      [
        0.33333333376443935,
        0.3333333329780283,
        0.33333333325753217
      ],
      [
        0.33333333349735333,
        0.3333333331947037,
        0.3333333333079428
      ],
      [
        0.33333333364167994,
        0.3333333331496094,
        0.33333333320871067
      ]
    ]
  ],
  "kappaS": {
    "0.06": 3.7244565469961297,
    "0.12": 11.232727635587509,
    "0.24": 30.359601761585147
  },
  "kappaP": {
    "80": 48.298303163232944,
    "40": 61.3166115114597,
    "20": 30.013896822216957,
    "10": 45.65222533128868
  }
}