{
  "rho": [
    0.6062361780110083,
    0.3937637916859641,
    3.030302754820966e-08
  ],
  "pi": [
    [
      0.800408442832715,
      0.0429134861386153,
      0.15667807102866982
    ],
    [
      0.636712193904539,
      0.31041031330005076,
      0.052877492795410166
    ],
    [
      0.33333333333333354,
      0.33333333333333315,
      0.3333333333333332
    ]
  ],
  "A": [
    [
      [
        0.8490548080556598,
        0.11782974716021426,
        0.033115444784125876
      ],
      [
        0.7459742662261943,
        0.24683314399092368,
        0.00719258978288192
      ],
      [
        0.8313477473214927,
        0.10552725636824385,
        0.06312499631026348
      ]
    ],
    [
      [
        0.48920347398227837,
        0.5107965235457508,
        2.471970926226697e-09
      ],
      [
        0.12796656731831935,
        0.8720334320763299,
        6.053507766754091e-10
      ],
      [
        0.9999935161064849,
        4.690287850469881e-06,
        1.7936056647123592e-06
      ]
    ],
    [
      [
        0.33333333333334325,
        0.3333333333333257,
        0.3333333333333309
      ],
      [
        0.333333333333337,
        0.3333333333333304,
        0.3333333333333326
      ],
      [
        0.3333333333333397,
        0.3333333333333296,
        0.33333333333333065
      ]
    ]
  ],
  "kappaS": {
    "0.06": 2.737618932937265,
    "0.12": 10.461466200025576,
    "0.24": 26.99153935900972
  },
  "kappaP": {
    "80": 57.29184518872803,
    "40": 49.198433329926225,
    "20": 17.758897473022376,
    "10": 33.35062856128535
  }
}