{
  "rho": [
    0.5701600569235757,
    0.4298398805764361,
    6.249998828125221e-08
  ],
  "pi": [
    [
      0.11437171890048131,
      0.8856278648344207,
      4.162650978266265e-07
    ],
    [
      2.539671719851627e-07,
      0.8377573562177519,
      0.16224238981507608
    ],
    [
      0.33333333333333326,
      0.3333333333333333,
      0.33333333333333326
    ]
  ],
  "A": [
    [
      [
        0.828217580122853,
        0.16513650862564871,
        0.006645911251498441
      ],
      [
        0.6888848633207973,
        0.30728546222416553,
        0.0038296744550372725
      ],
      [
        0.48354498507411714,
        1.984296760306204e-07,
        0.5164548164962068
      ]
    ],
    [
      [
        0.821612196077205,
        0.17838780175091204,
        2.17188294347655e-09
      ],
      [
        0.15446595886355113,
        0.8455340393690233,
        1.7674256105054895e-09
      ],
      [
        0.9999877577351928,
        1.1052772132689772e-05,
        1.1894926743925861e-06
      ]
    ],
    [
      [
        0.3333333333333348,
        0.333333333333333,
        0.33333333333333215
      ],
      [
        0.33333333333333415,
        0.3333333333333332,
        0.33333333333333265
      ],
      [
        0.3333333333333339,
        0.33333333333333315,
        0.33333333333333287
      ]
    ]
  ],
  "kappaS": {
    "0.06": 6.263286387949414,
    "0.12": 14.014575987885518,
    "0.24": 35.01554351812353
  },
  "kappaP": {
    "80": 1.3765809718719433,
    "40": 12.184950125775556,
    "20": 36.7232936157367,
    "10": 79.05500402573595
  }
}