{
  "rho": [
    0.4999742537767542,
    0.37499999219310565,
    0.12502575403014018
  ],
  "pi": [
    [
      0.4120404688696802,
      0.5412643186735513,
      0.04669521245676847
    ],
    [
      2.3856462022802176e-07,
      0.99999958381096,
      1.7762441981482903e-07
    ],
    [
      9.416829300558438e-07,
      0.33917571252782164,
      0.6608233457892484
    ]
  ],
  "A": [
    [
      [
        0.8125497674341523,
        0.10437357225015198,
        0.08307666031569574
      ],
      [
        0.5787510027950538,
        0.4212180099761889,
        3.098722875723816e-05
      ],
      [
        0.6980229767053603,
        0.13275989772359104,
        0.16921712557104876
      ]
    ],
    [
      [
        0.6577146030120811,
        0.342285381032386,
        1.5955532824616674e-08
      ],
      [
        0.03620912122826143,
        0.9637908772190982,
        1.5526404559704046e-09
      ],
      [
        0.35964154687469047,
        0.39900539081215897,
        0.24135306231315065
      ]
    ],
    [
      [
        0.4348204713925105,
        0.5066080327047323,
        0.058571495902757266
      ],
      [
        0.5270362202179286,
        0.44923777977466417,
        0.02372600000740722
      ],
      [
        0.8758472237315561,
        0.12415250090008671,
        2.75368357283262e-07
      ]
    ]
  ],
  "kappaS": {
    "0.06": 1.875464546068701,
    "0.12": 4.669230817042725,
    "0.24": 10.07038490058489
  },
  "kappaP": {
    "80": 9.288571800610567,
    "40": 12.191584492061516,
    "20": 14.324931541405945,
    "10": 23.118761947717672
  }
}