{
  "subject_id": 11,
  "fold_id": 1,
  "n_train_trials": 4744,
  "n_test_trials": 1730,
  "converged": false,
  "n_iterations": 300,
  "train_ll": -3921.1658874733475,
  "test_total_ll": -1317.6195060062364,
  "test_ll_per_trial": -0.7616297722579402,
  "monotonic": true
}