{
  "rho": [
    0.5444031669729619,
    0.4091177904236839,
    0.04647904260335418
  ],
  "pi": [
    [
      0.48004867277263547,
      0.5199505053641408,
      8.218632237711473e-07
    ],
    [
      0.6043099619462221,
      2.8559482505544246e-05,
      0.3956614785712723
    ],
    [
      0.9999969611046243,
      1.6857932068909037e-06,
      1.3531021689235463e-06
    ]
  ],
  "A": [
    [
      [
        0.967942114764917,
        0.021629299329834727,
        0.010428585905248124
      ],
      [
        0.7735083846912024,
        0.22649151526999686,
        1.0003880070791822e-07
      ],
      [
        0.8333761436972738,
        4.134772030568526e-06,
        0.1666197215306958
      ]
    ],
    [
      [
        0.8173676577694294,
        0.17064343266080106,
        0.011988909569769602
      ],
      [
        0.05122877164590942,
        0.9431387977375889,
        0.005632430616501562
      ],
      [
        0.5837581385013996,
        0.4162416459003436,
        2.1559825674887909e-07
      ]
    ],
    [
      [
        0.7981661940991392,
        1.3974921488124323e-08,
        0.20183379192593923
      ],
      [
        0.4530253112794173,
        0.2550994801396796,
        0.2918752085809032
      ],
      [
        0.7072340836270757,
        6.685376471915218e-08,
        0.2927658495191595
      ]
    ]
  ],
  "kappaS": {
    "0.06": 1.3353570848088527,
    "0.12": 3.7531088057968693,
    "0.24": 15.650434809444766
  },
  "kappaP": {
    "80": 0.08219147917265004,
    "40": 8.246009047540191,
    "20": 14.328311040766161,
    "10": 20.574748858543213
  }
}