{
  "rho": [
    0.6428570769087202,
    0.3571428516627237,
    7.142855612717244e-08
  ],
  "pi": [
    [
      0.7432937592007398,
      0.20256014691123939,
      0.05414609388802086
    ],
    [
      2.692594546497705e-07,
      0.9010487549571208,
      0.09895097578342447
    ],
    [
      0.3333333333349277,
      0.3333333333365098,
      0.33333333332856235
    ]
  ],
  "A": [
    [
      [
        0.8684891078380815,
        0.12745535263478844,
        0.004055539527130097
      ],
      [
        0.7832503088809918,
        0.148474698423176,
        0.06827499269583227
      ],
      [
        0.9999991453697613,
        3.865062462989781e-07,
        4.6812399249953367e-07
      ]
    ],
    [
      [
        0.19139875695403857,
        0.808601237894921,
        5.151040583041871e-09
      ],
      [
        0.23610095897153882,
        0.7638990394433726,
        1.5850885930377274e-09
      ],
      [
        0.2926016041569838,
        1.7826592455329493e-06,
        0.7073966131837707
      ]
    ],
    [
      [
        0.33333333355651706,
        0.3333333333551771,
        0.33333333308830565
      ],
      [
        0.3333333334833374,
        0.33333333334474674,
        0.33333333317191577
      ],
      [
        0.33333333345105626,
        0.3333333333375732,
        0.3333333332113705
      ]
    ]
  ],
  "kappaS": {
    "0.06": 2.4159075486938124,
    "0.12": 7.714527504469097,
    "0.24": 19.314137531082704
  },
  "kappaP": {
    "80": 1.7702665357182978,
    "40": 2.969950289909237,
    "20": 13.5869099781443,
    "10": 61.69374703124475
  }
}