{
  "rho": [
    0.3837431492518129,
    0.2829235174145548,
    0.33333333333363224
  ],
  "pi": [
    [
      0.029303790861894007,
      0.48659242223977844,
      0.4841037868983277
    ],
    [
      1.3878000030247584e-05,
      0.9035227297492925,
      0.09646339225067725
    ],
    [
      2.449597298305395e-07,
      5.0282708037287e-07,
      0.9999992522131897
    ]
  ],
  "A": [
    [
      [
        0.3750518495901051,
        0.5968359224921741,
        0.028112227917720684
      ],
      [
        0.443532461065464,
        0.513458877696296,
        0.04300866123823997
      ],
      [
        0.23663873047672565,
        0.6565730737408588,
        0.10678819578241537
      ]
    ],
    [
      [
        1.823796210047414e-06,
        0.9999981183022163,
        5.790157372874154e-08
      ],
      [
        0.026074616138727642,
        0.9739253822479677,
        1.613304814284861e-09
      ],
      [
        3.6278991440382006e-06,
        0.9999941533354442,
        2.2187654120274593e-06
      ]
    ],
    [
      [
        0.48580885697217213,
        1.5897210191639984e-08,
        0.5141911271306178
      ],
      [
        0.8718458097610694,
        0.033876218559709584,
        0.09427797167922108
      ],
      [
        0.5567334695972206,
        1.6871013888561183e-07,
        0.44326636169264055
      ]
    ]
  ],
  "kappaS": {
    "0.06": 1.2240427768249533,
    "0.12": 3.3757561245062666,
    "0.24": 10.361509325632243
  },
  "kappaP": {
    "80": 3.1560101614393616,
    "40": 3.9478259308667623,
    "20": 4.249314732343282,
    "10": 8.117377554881948
  }
}