{
  "rho": [
    0.24434691959843785,
    0.35002816373943363,
    0.4056249166621285
  ],
  "pi": [
    [
      0.7304839684312756,
      0.2695158777346627,
      1.538340616978176e-07
    ],
    [
      0.3124590154045969,
      0.3689587615468343,
      0.3185822230485688
    ],
    [
      0.7433450417807597,
      0.25665482774828025,
      1.304709601569895e-07
    ]
  ],
  "A": [
    [
      [
        0.9138389699043257,
        0.024233891327790524,
        0.06192713876788381
      ],
      [
        0.5378823342500485,
        0.39273615200093404,
        0.06938151374901728
      ],
      [
        0.8170169377512234,
        6.150462925817175e-08,
        0.18298300074414747
      ]
    ],
    [
      [
        0.6839992335348802,
        0.31600076136201616,
        5.1031037005307086e-09
      ],
      [
        0.11089668088935858,
        0.8891033180712893,
        1.0393522127141933e-09
      ],
      [
        0.9999986340760619,
        6.452631342975872e-07,
        7.206608039448966e-07
      ]
    ],
    [
      [
        0.7560283646521608,
        0.1879062325934871,
        0.05606540275435205
      ],
      [
        0.6606257092300468,
        0.3263644144897022,
        0.013009876280250918
      ],
      [
        0.8716491502205628,
        0.014496930108597617,
        0.1138539196708397
      ]
    ]
  ],
  "kappaS": {
    "0.06": 1.6564000099368,
    "0.12": 5.604844289885508,
    "0.24": 17.231183433396613
  },
  "kappaP": {
    "80": 8.920693238823688,
    "40": 13.161200368581623,
    "20": 11.676676369357171,
    "10": 12.71128985798159
  }
}