{
  "initial_prob": [
    0.6162137850086121,
    0.38378614588662063,
    6.910476715809205e-08
  ],
  "transition_matrix": [
    [
      0.9604312386180044,
      5.391447427500712e-09,
      0.03956875599054821
    ],
    [
      0.0006390268473880262,
      0.9909216314294993,
      0.008439341723112729
    ],
    [
      0.8092570551685967,
      0.11677676130622944,
      0.07396618352517384
    ]
  ],
  "kappaS": {
    "0.06": 1.8589880629607416,
    "0.12": 6.028240103388453,
    "0.24": 16.035161729450937
  },
  "kappaP": {
    "80": 1.05877200872069,
    "40": 4.238856763093591,
    "20": 10.152180879618632,
    "10": 23.864198994304132
  }
}