{
  "rho": [
    0.2974148875917141,
    0.30256244104600843,
    0.4000226713622776
  ],
  "pi": [
    [
      2.3306191317449416e-07,
      0.9999995896028618,
      1.773352249655669e-07
    ],
    [
      2.7887783094253775e-07,
      0.8171027538955182,
      0.1828969672266508
    ],
    [
      0.14041597963794106,
      0.8595687198833948,
      1.530047866418821e-05
    ]
  ],
  "A": [
    [
      [
        0.5671479312168872,
        0.43285206125221554,
        7.530897187766581e-09
      ],
      [
        0.23976276736670285,
        0.7471715683480338,
        0.013065664285263399
      ],
      [
        0.46721505902734056,
        2.0596844965338747e-07,
        0.5327847350042098
      ]
    ],
    [
      [
        0.783865637049192,
        0.2161343508337746,
        1.2117033395796395e-08
      ],
      [
        0.02331812165835813,
        0.9766818765346488,
        1.80699326577109e-09
      ],
      [
        9.903062947781853e-07,
        0.9999980442264733,
        9.654672319434346e-07
      ]
    ],
    [
      [
        0.5224604985610984,
        0.2921122229370538,
        0.18542727850184776
      ],
      [
        0.2792051421528862,
        0.6233154978487695,
        0.09747935999834419
      ],
      [
        0.2976542485787145,
        0.17946647565433477,
        0.5228792757669507
      ]
    ]
  ],
  "kappaS": {
    "0.06": 2.302129907241596,
    "0.12": 3.8757210084154217,
    "0.24": 13.599054119445885
  },
  "kappaP": {
    "80": 22.48186123605348,
    "40": 25.623397729960267,
    "20": 25.078886292364373,
    "10": 58.839480983958744
  }
}