{
  "rho": [
    0.06673611508383807,
    0.4666644835910539,
    0.466599401325108
  ],
  "pi": [
    [
      6.331844676037175e-07,
      0.44084557979846695,
      0.5591537870170654
    ],
    [
      0.2873187945869868,
      0.4559481239073512,
      0.25673308150566215
    ],
    [
      0.35838593424927834,
      0.499227376812611,
      0.14238668893811074
    ]
  ],
  "A": [
    [
      [
        0.9566622103628731,
        0.00620359926272501,
        0.037134190374401826
      ],
      [
        0.40785545659880046,
        0.5921443237949393,
        2.196062601848632e-07
      ],
      [
        0.6131767208923962,
        2.8682228272646923e-07,
        0.3868229922853212
      ]
    ],
    [
      [
        0.8733793776493037,
        0.12662061782764014,
        4.5230562105394795e-09
      ],
      [
        0.027652145125688265,
        0.9656964583788731,
        0.006651396495438533
      ],
      [
        4.578181792668479e-07,
        0.9999994519295708,
        9.025224998601535e-08
      ]
    ],
    [
      [
        0.6966520369956943,
        0.06864450052406657,
        0.234703462480239
      ],
      [
        0.2332815191747446,
        0.7456171339251779,
        0.021101346900077353
      ],
      [
        0.6007524787196751,
        0.02785095497043203,
        0.3713965663098929
      ]
    ]
  ],
  "kappaS": {
    "0.06": 1.367124424597858,
    "0.12": 3.5808413644447437,
    "0.24": 8.67307254475102
  },
  "kappaP": {
    "80": 9.861487675086776,
    "40": 8.461071529110983,
    "20": 11.86187215415414,
    "10": 17.236664678635254
  }
}