{
  "rho": [
    0.6580745840745441,
    3.703703295469362e-08,
    0.3419253788884229
  ],
  "pi": [
    [
      0.9568339262639864,
      0.043165973384033114,
      1.003519804865123e-07
    ],
    [
      0.33333333336194015,
      0.33333333329426434,
      0.3333333333437954
    ],
    [
      0.6415789304537712,
      0.008868660287737778,
      0.34955240925849107
    ]
  ],
  "A": [
    [
      [
        0.9258111978758076,
        0.07418880027661888,
        1.8475733776066088e-09
      ],
      [
        0.9777507033999424,
        0.022249277975513338,
        1.8624544258141916e-08
      ],
      [
        0.47584138275520194,
        0.3017044683217981,
        0.2224541489229999
      ]
    ],
    [
      [
        0.3333333343665992,
        0.3333333318449908,
        0.33333333378840985
      ],
      [
        0.3333333341336124,
        0.33333333232677165,
        0.3333333335396158
      ],
      [
        0.3333333339405578,
        0.3333333315865207,
        0.3333333344729214
      ]
    ],
    [
      [
        0.8170573037025437,
        3.435885703730931e-09,
        0.18294269286157064
      ],
      [
        0.9999268876065373,
        4.998031613577049e-05,
        2.3132077326826364e-05
      ],
      [
        0.4956559922630649,
        8.348571588945489e-09,
        0.5043439993883636
      ]
    ]
  ],
  "kappaS": {
    "0.06": 1.2308180714503245,
    "0.12": 3.7408163802319803,
    "0.24": 9.62056191750328
  },
  "kappaP": {
    "80": 0.12567312904148775,
    "40": 0.8064053564319252,
    "20": 2.5828751207724663,
    "10": 102.34448033608155
  }
}