{
  "subject_id": 11,
  "original_n_trials": 6474,
  "removed_missing_trials": 0,
  "valid_n_trials": 6474,
  "original_n_blocks": 30,
  "n_segments": 30,
  "converged": true,
  "n_iterations": 74,
  "initial_log_likelihood": -5754.932195407156,
  "final_log_likelihood": -5327.506019705994,
  "log_likelihood_improvement": 427.4261757011618,
  "likelihood_monotonic": true,
  "maximum_likelihood_drop": 0.0,
  "sensory_weight": 0.6773923193016489,
  "prior_weight": 0.3004245924259397,
  "lapse_weight": 0.022183088272412332,
  "min_transition_probability": 0.003936573388225403,
  "max_transition_probability": 0.9577047534042906,
  "kappa_s_6": 1.485177891470457,
  "kappa_s_12": 3.8207945404374235,
  "kappa_s_24": 15.797119164370256,
  "kappa_p_10": 19.847961725559184,
  "kappa_p_20": 14.586218076297698,
  "kappa_p_40": 13.436219928325507,
  "kappa_p_80": 1.0000551742334323e-06,
  "has_nan": false,
  "has_inf": false,
  "reached_max_iter": false,
  "state_collapse_flag": false,
  "lapse_near_zero_flag": false,
  "transition_near_smoothing_floor_flag": false,
  "pi": [
    0.5201949598818153,
    0.118887331449033,
    0.3609177086691517
  ],
  "transition_matrix": [
    [
      0.9577047534042906,
      0.015554717228784511,
      0.02674052936692489
    ],
    [
      0.03851936803864717,
      0.9575440585731274,
      0.003936573388225403
    ],
    [
      0.8105198280871782,
      0.13036145193621093,
      0.05911871997661096
    ]
  ],
  "sensory_kappas": {
    "0.06": 1.485177891470457,
    "0.12": 3.8207945404374235,
    "0.24": 15.797119164370256
  },
  "prior_kappas": {
    "80": 1.0000551742334323e-06,
    "40": 13.436219928325507,
    "20": 14.586218076297698,
    "10": 19.847961725559184
  },
  "training_settings": {
    "max_iter": 600,
    "tol": 1e-06,
    "transition_smoothing": 1e-06,
    "update_pi": true,
    "update_kappa": true,
    "random_seed": 20260717,
    "initial_pi": [
      0.6,
      0.35,
      0.05
    ],
    "initial_transition_matrix": [
      [
        0.8,
        0.15,
        0.05
      ],
      [
        0.15,
        0.8,
        0.05
      ],
      [
        0.4,
        0.4,
        0.2
      ]
    ],
    "initial_sensory_kappas": {
      "0.06": 1.5,
      "0.12": 4.5,
      "0.24": 20.0
    },
    "initial_prior_kappas": {
      "80": 0.5,
      "40": 1.0,
      "20": 6.0,
      "10": 30.0
    },
    "likelihood_drop_tolerance": 1e-08,
    "kappa_lower_bound": 1e-06,
    "kappa_upper_bound": 500.0
  }
}