{
  "rho": [
    0.2473548839588133,
    0.3749990996635776,
    0.377646016377609
  ],
  "pi": [
    [
      5.478096305763762e-07,
      0.5479885819057275,
      0.4520108702846419
    ],
    [
      2.0970741903871457e-06,
      0.2542604009915006,
      0.7457375019343089
    ],
    [
      0.24922449097657295,
      0.18142562041158175,
      0.5693498886118452
    ]
  ],
  "A": [
    [
      [
        0.9557214490345953,
        0.019923654687168356,
        0.024354896278236254
      ],
      [
        0.1235437064611148,
        0.8764562710897305,
        2.2449154719202878e-08
      ],
      [
        0.5539521644995998,
        0.03720932358148561,
        0.4088385119189145
      ]
    ],
    [
      [
        0.6524094035383785,
        0.30167615853168084,
        0.04591443792994062
      ],
      [
        0.033340485946744644,
        0.966659509077844,
        4.975411455768036e-09
      ],
      [
        0.5630791783797651,
        0.43692047244220367,
        3.4917803144567884e-07
      ]
    ],
    [
      [
        0.7807037933307432,
        0.04249587099230004,
        0.17680033567695677
      ],
      [
        0.3296227221537226,
        0.6703771214735262,
        1.5637275090569873e-07
      ],
      [
        0.5223280329632909,
        5.716055991310687e-07,
        0.47767139543110987
      ]
    ]
  ],
  "kappaS": {
    "0.06": 1.165238981745387,
    "0.12": 3.1654308691461446,
    "0.24": 9.16162782748176
  },
  "kappaP": {
    "80": 11.723205145297964,
    "40": 10.79883014025188,
    "20": 10.451119576517378,
    "10": 17.764415199319647
  }
}