{
  "rho": [
    0.0875269297910897,
    0.4776994471390775,
    0.4347736230698327
  ],
  "pi": [
    [
      5.305102673158132e-07,
      0.4014397996991497,
      0.598559669790583
    ],
    [
      0.031054342999355326,
      0.527273741736564,
      0.44167191526408056
    ],
    [
      0.3870506103516866,
      0.41135658283689674,
      0.20159280681141672
    ]
  ],
  "A": [
    [
      [
        0.9779233308788464,
        0.022076662759440036,
        6.3617136304114605e-09
      ],
      [
        0.0987611433099429,
        0.8938860362864823,
        0.007352820403574647
      ],
      [
        1.0222108402176613e-06,
        0.9999982838110986,
        6.939780611627513e-07
      ]
    ],
    [
      [
        0.8488649734652162,
        0.1511350203700356,
        6.164748228216635e-09
      ],
      [
        0.02948282576731736,
        0.9632684070517156,
        0.007248767180967058
      ],
      [
        2.3922629386702626e-06,
        0.9999975183332223,
        8.940383899482948e-08
      ]
    ],
    [
      [
        0.6968700069246733,
        0.07838342784412361,
        0.22474656523120298
      ],
      [
        0.2680225578014224,
        0.7075316745416309,
        0.024445767656946615
      ],
      [
        0.6154058740369541,
        0.03597256057281551,
        0.3486215653902303
      ]
    ]
  ],
  "kappaS": {
    "0.06": 1.395776531695664,
    "0.12": 3.4813891394039747,
    "0.24": 8.203202804932806
  },
  "kappaP": {
    "80": 10.594233917474051,
    "40": 9.245176706032684,
    "20": 12.044186161197835,
    "10": 17.886315096834956
  }
}