{
  "rho": [
    0.7029095221359802,
    4.9999992503129526e-08,
    0.2970904278640273
  ],
  "pi": [
    [
      0.9999177895110944,
      8.21110422741025e-05,
      9.944663134833661e-08
    ],
    [
      0.333333333338139,
      0.33333333333339454,
      0.3333333333284664
    ],
    [
      0.005292904650072261,
      0.729165413516504,
      0.26554168183342364
    ]
  ],
  "A": [
    [
      [
        0.9448592673262565,
        0.05514072943681655,
        3.236926839977587e-09
      ],
      [
        0.9993167931958635,
        0.0006831370117349017,
        6.979240170913607e-08
      ],
      [
        0.3880370640857804,
        0.403531029872858,
        0.2084319060413616
      ]
    ],
    [
      [
        0.33333333338052085,
        0.3333333331888721,
        0.333333333430607
      ],
      [
        0.3333333333732775,
        0.3333333332472765,
        0.33333333337944604
      ],
      [
        0.3333333333654575,
        0.3333333331284846,
        0.3333333335060578
      ]
    ],
    [
      [
        0.8059803503561586,
        2.2839164688604213e-09,
        0.19401964735992488
      ],
      [
        0.1966356886190695,
        0.6705783416269248,
        0.1327859697540056
      ],
      [
        0.46126487654204323,
        5.0873944249924205e-09,
        0.5387351183705624
      ]
    ]
  ],
  "kappaS": {
    "0.06": 1.2487336693221602,
    "0.12": 3.6208031982126387,
    "0.24": 9.663224820694813
  },
  "kappaP": {
    "80": 0.2168704032927377,
    "40": 1e-06,
    "20": 3.058656113056913,
    "10": 50.580946421528765
  }
}