{
  "rho": [
    0.33287533259103413,
    0.38934688037193094,
    0.2777777870370351
  ],
  "pi": [
    [
      5.140142561915441e-07,
      0.9999992629824445,
      2.2300329928801712e-07
    ],
    [
      8.83820248773053e-07,
      0.9138342383150693,
      0.0861648778646819
    ],
    [
      3.44167320464552e-07,
      5.18238033804637e-07,
      0.9999991375946458
    ]
  ],
  "A": [
    [
      [
        0.4152934908633803,
        0.584703814747842,
        2.6943887778060093e-06
      ],
      [
        0.45348854139238515,
        0.48781615994572314,
        0.058695298661891646
      ],
      [
        2.0088320451591462e-07,
        0.601315680019422,
        0.39868411909737345
      ]
    ],
    [
      [
        0.19320489148440298,
        0.8067950976424556,
        1.0873141424299795e-08
      ],
      [
        0.12721802101171045,
        0.8727819772556319,
        1.7326576279785152e-09
      ],
      [
        5.226214871364764e-06,
        0.999992667830416,
        2.1059547128094927e-06
      ]
    ],
    [
      [
        0.2533677348468144,
        8.662629609226347e-09,
        0.746632256490556
      ],
      [
        0.27716687903487985,
        0.15290757672667737,
        0.5699255442384428
      ],
      [
        0.45927954052298053,
        6.961305033812623e-09,
        0.5407204525157144
      ]
    ]
  ],
  "kappaS": {
    "0.06": 2.1699927759920143,
    "0.12": 4.367668391634771,
    "0.24": 12.447920634316215
  },
  "kappaP": {
    "80": 2.3740703309801434,
    "40": 3.933434709819004,
    "20": 4.3321124318379916,
    "10": 8.575431111824983
  }
}