{
  "initial_prob": [
    0.7156912595522353,
    0.2616397012238266,
    0.022669039223938082
  ],
  "transition_matrix": [
    [
      0.9984388356003929,
      0.0015611639170825353,
      4.825245266239085e-10
    ],
    [
      0.0009980419066122248,
      0.9610354221294125,
      0.03796653596397541
    ],
    [
      2.639613745851484e-08,
      0.9453290984364157,
      0.05467087516744683
    ]
  ],
  "kappaS": {
    "0.06": 1.3013942453309957,
    "0.12": 3.051167544719196,
    "0.24": 14.121061599276834
  },
  "kappaP": {
    "80": 137.04259196175548,
    "40": 11.593250966499635,
    "20": 8.109595484664963,
    "10": 16.379462368794997
  }
}