{
  "initial_prob": [
    0.2211086193099584,
    0.777159633128086,
    0.0017317475619556993
  ],
  "transition_matrix": [
    [
      0.3266963862815365,
      0.6675295482826963,
      0.0057740654357673555
    ],
    [
      0.258286853523493,
      0.7404421182413228,
      0.0012710282351840753
    ],
    [
      0.40492691966170846,
      2.3591164689953545e-07,
      0.5950728444266447
    ]
  ],
  "kappaS": {
    "0.06": 3.8873019248048495,
    "0.12": 7.2159232147095285,
    "0.24": 17.142732485194532
  },
  "kappaP": {
    "80": 1.9718129848236234,
    "40": 7.488730040334762,
    "20": 32.159390845147726,
    "10": 74.50351781373166
  }
}