{
  "kappaS": {
    "0.06": 1.7459893903362615,
    "0.12": 5.121560224797261,
    "0.24": 11.000046135043794
  },
  "kappaP": {
    "80": 9.905910374755335,
    "40": 10.407122506746772,
    "20": 11.944136297584345,
    "10": 19.90466170145183
  },
  "weights": [
    0.6,
    0.35,
    0.05
  ],
  "rho": [
    0.4813221571215951,
    0.34782608506390034,
    0.17085175781450454
  ],
  "class_weights": [
    [
      0.7735316936220978,
      0.144165302798906,
      0.08230300357899616
    ],
    [
      0.057654883319939954,
      0.9423451154917459,
      1.1883139641854089e-09
    ],
    [
      0.5158144936551188,
      0.4570394598163507,
      0.02714604652853047
    ]
  ]
}