{
  "rho": [
    0.5882253326820331,
    0.35294117301442923,
    0.058833494303537605
  ],
  "pi": [
    [
      0.2125423801407018,
      0.7100844860934635,
      0.07737313376583477
    ],
    [
      2.7133111987679664e-07,
      0.99999955024153,
      1.7842735010231145e-07
    ],
    [
      1.6043427031365062e-06,
      0.9999970656373139,
      1.3300199828892618e-06
    ]
  ],
  "A": [
    [
      [
        0.8023136735189536,
        0.1209091907627374,
        0.07677713571830905
      ],
      [
        0.6183652902994268,
        0.3816310780104222,
        3.6316901512077635e-06
      ],
      [
        0.6795946451362377,
        0.1405418851317296,
        0.1798634697320328
      ]
    ],
    [
      [
        0.6433539608465302,
        0.35664602447222216,
        1.4681247687839445e-08
      ],
      [
        0.03268452475130666,
        0.9673154738445149,
        1.4041784305907094e-09
      ],
      [
        0.3747947576490825,
        0.3643476266246097,
        0.26085761572630767
      ]
    ],
    [
      [
        0.38962747281824023,
        0.5154276658324458,
        0.09494486134931389
      ],
      [
        0.5664908550351668,
        0.37459325440698743,
        0.05891589055784565
      ],
      [
        0.9999927227051624,
        6.392391793033482e-06,
        8.849030445882501e-07
      ]
    ]
  ],
  "kappaS": {
    "0.06": 1.7972644915472082,
    "0.12": 4.859041844750127,
    "0.24": 10.699011896382146
  },
  "kappaP": {
    "80": 10.292762391161155,
    "40": 10.66819973735619,
    "20": 12.668554230545455,
    "10": 20.557181287434986
  }
}