{
  "rho": [
    0.304588817657196,
    0.47877691985786847,
    0.21663426248493556
  ],
  "pi": [
    [
      0.8003304538210388,
      0.19966902931472855,
      5.168642325326245e-07
    ],
    [
      0.9184515963654195,
      0.08154826928152535,
      1.343530550682407e-07
    ],
    [
      0.30103989442939055,
      0.11524030774698574,
      0.5837197978236237
    ]
  ],
  "A": [
    [
      [
        0.7617516353888639,
        0.232578395357989,
        0.005669969253147079
      ],
      [
        0.7023361492189201,
        0.26220370624322753,
        0.035460144537852525
      ],
      [
        0.9999965033297926,
        2.320119636785231e-06,
        1.176550570565546e-06
      ]
    ],
    [
      [
        0.8931847264090598,
        0.045160144450953614,
        0.06165512913998649
      ],
      [
        0.009620603847041003,
        0.9559613496956489,
        0.034418046457310135
      ],
      [
        0.3900510697667985,
        0.6099488733527626,
        5.688043884194437e-08
      ]
    ],
    [
      [
        0.6248974760002639,
        0.006045849115532156,
        0.36905667488420396
      ],
      [
        0.22332596061426874,
        0.7744535686767032,
        0.0022204707090279574
      ],
      [
        0.4603509561536494,
        0.01783551967624374,
        0.5218135241701068
      ]
    ]
  ],
  "kappaS": {
    "0.06": 1.2434878588100042,
    "0.12": 2.895112715390075,
    "0.24": 8.55234687994737
  },
  "kappaP": {
    "80": 0.4174859402317442,
    "40": 8.115145923538492,
    "20": 15.249521736705985,
    "10": 16.15004418118398
  }
}