{
  "initial_prob": [
    0.9999997669937857,
    1.5130596997101786e-07,
    8.170024436350273e-08
  ],
  "transition_matrix": [
    [
      0.9285447006840837,
      0.0013238630078465346,
      0.07013143630806984
    ],
    [
      0.07050353184185895,
      0.9294964143923903,
      5.3765750762256926e-08
    ],
    [
      0.7512886512292479,
      1.4428645087139397e-08,
      0.24871133434210704
    ]
  ],
  "kappaS": {
    "0.06": 1.1299638863063597,
    "0.12": 3.4144957739526287,
    "0.24": 9.299115239318864
  },
  "kappaP": {
    "80": 12.711174683111048,
    "40": 1.9176096686737252,
    "20": 1e-06,
    "10": 358.1375594434108
  }
}