{
  "subject_id": 4,
  "fold_id": 1,
  "n_train_trials": 3304,
  "n_test_trials": 1495,
  "converged": true,
  "n_iterations": 163,
  "train_ll": -2292.1771412953067,
  "test_total_ll": -1308.139598221073,
  "test_ll_per_trial": -0.8750097646963698,
  "monotonic": true
}