{
  "rho": [
    0.12883071952914366,
    0.4999796029087239,
    0.37118967756213256
  ],
  "pi": [
    [
      9.010356603017779e-07,
      0.9999985164855458,
      5.82478794017501e-07
    ],
    [
      1.8795050735895162e-07,
      0.8788291924629763,
      0.12117061958651634
    ],
    [
      5.978317030449055e-07,
      0.8242113094779407,
      0.17578809269035614
    ]
  ],
  "A": [
    [
      [
        0.7585602356186653,
        0.23399460123743207,
        0.007445163143902569
      ],
      [
        0.6714995505967185,
        0.2656740228493944,
        0.062826426553887
      ],
      [
        0.5539630880801566,
        0.4460365682880791,
        3.4363176439064387e-07
      ]
    ],
    [
      [
        0.6432348676132045,
        0.35676511272403155,
        1.9662764011465835e-08
      ],
      [
        0.05127889999292891,
        0.9487210983705161,
        1.6365550300384668e-09
      ],
      [
        0.9999955137904558,
        2.487660703701046e-06,
        1.9985488405229837e-06
      ]
    ],
    [
      [
        0.7830967863634719,
        0.1172265194322413,
        0.0996766942042868
      ],
      [
        0.8999016610657302,
        0.10009384830815106,
        4.490626118888807e-06
      ],
      [
        0.6477647001250944,
        0.10692120218328528,
        0.2453140976916203
      ]
    ]
  ],
  "kappaS": {
    "0.06": 1.8207738110054659,
    "0.12": 5.36301029243165,
    "0.24": 11.180056712740639
  },
  "kappaP": {
    "80": 12.601727311938317,
    "40": 4.928437887688388,
    "20": 14.757294650992577,
    "10": 22.097417468771944
  }
}