{
  "rho": [
    0.09091173054585733,
    0.45451241739448944,
    0.4545758520596533
  ],
  "pi": [
    [
      5.740665577521415e-07,
      0.3717865600858789,
      0.6282128658475632
    ],
    [
      0.48296735866679447,
      0.5170319650239498,
      6.763092558684188e-07
    ],
    [
      0.41212277220043464,
      0.41830509635600416,
      0.16957213144356117
    ]
  ],
  "A": [
    [
      [
        0.9224472343417158,
        0.003947102911919114,
        0.073605662746365
      ],
      [
        0.38735940630283716,
        0.6126401765748872,
        4.171222756118903e-07
      ],
      [
        0.9538458741768787,
        1.5051854163441815e-07,
        0.04615397530457965
      ]
    ],
    [
      [
        0.8290458367867325,
        0.16383199189860012,
        0.007122171314667363
      ],
      [
        0.05215714881952966,
        0.9478428487466741,
        2.433796284895221e-09
      ],
      [
        0.3992734646926551,
        2.1622291771747582e-07,
        0.6007263190844273
      ]
    ],
    [
      [
        0.6936544934052844,
        0.05598211437029273,
        0.2503633922244228
      ],
      [
        0.2524469127433929,
        0.744232835088827,
        0.0033202521677801146
      ],
      [
        0.6232184646718908,
        7.633719299774605e-05,
        0.37670519813511144
      ]
    ]
  ],
  "kappaS": {
    "0.06": 1.418501627536249,
    "0.12": 3.901865640392171,
    "0.24": 9.697408727366682
  },
  "kappaP": {
    "80": 5.249157736410303,
    "40": 10.819619138366175,
    "20": 11.462884404595108,
    "10": 16.666210938769062
  }
}