{
  "rho": [
    0.49953054485837356,
    0.3561949965255783,
    0.144274458616048
  ],
  "pi": [
    [
      0.6510622937804758,
      0.34893756501371814,
      1.4120580613873691e-07
    ],
    [
      0.37186679642641596,
      0.3086334013807528,
      0.3194998021928313
    ],
    [
      0.5601039410794041,
      0.43989566525320845,
      3.936673874017749e-07
    ]
  ],
  "A": [
    [
      [
        0.860200956818177,
        0.06615951363198573,
        0.0736395295498373
      ],
      [
        0.6183781531084687,
        0.3401754123750048,
        0.04144643451652656
      ],
      [
        0.8490391809023904,
        0.0635757945948758,
        0.08738502450273386
      ]
    ],
    [
      [
        0.6556649155699253,
        0.34433507600888164,
        8.421193055792166e-09
      ],
      [
        0.13445229673245285,
        0.8655477018114103,
        1.4561369212590903e-09
      ],
      [
        0.9999980276181404,
        6.754971646609408e-07,
        1.29688469493575e-06
      ]
    ],
    [
      [
        0.6467799420668943,
        0.33477878200672484,
        0.018441275926380972
      ],
      [
        0.6991189017835722,
        0.30088074784727487,
        3.5036915282953264e-07
      ],
      [
        0.37778559423341157,
        2.0929764536334824e-07,
        0.6222141964689429
      ]
    ]
  ],
  "kappaS": {
    "0.06": 1.7123036402334417,
    "0.12": 5.484407378451658,
    "0.24": 17.03081401171933
  },
  "kappaP": {
    "80": 10.734648014194509,
    "40": 14.47951118890133,
    "20": 10.796029179371262,
    "10": 12.859342774894664
  }
}