{
  "rho": [
    0.5789751844504953,
    0.31562844139279167,
    0.10539637415671314
  ],
  "pi": [
    [
      0.7002344097223615,
      0.18620021007358203,
      0.11356538020405649
    ],
    [
      0.9999987490537486,
      7.450062144103604e-07,
      5.0594003689896e-07
    ],
    [
      0.43543121131162404,
      5.774912075070104e-07,
      0.5645682111971684
    ]
  ],
  "A": [
    [
      [
        0.8167770952348847,
        0.05781709711096427,
        0.1254058076541511
      ],
      [
        0.12994724723327655,
        0.8330662747693679,
        0.03698647799735552
      ],
      [
        0.8729557351713099,
        0.11951494680106516,
        0.007529318027624873
      ]
    ],
    [
      [
        0.5583198270031795,
        0.42486454948113794,
        0.016815623515682693
      ],
      [
        0.08295263927479067,
        0.9090450841029865,
        0.008002276622222821
      ],
      [
        0.596359625414836,
        7.970711594356218e-07,
        0.40363957751400453
      ]
    ],
    [
      [
        0.27074208549434203,
        0.008924203117545852,
        0.7203337113881121
      ],
      [
        0.26434993851451855,
        0.7356492424764786,
        8.190090027500222e-07
      ],
      [
        0.4612955970530208,
        1.0357110385875153e-07,
        0.5387042993758753
      ]
    ]
  ],
  "kappaS": {
    "0.06": 1.2567476251930414,
    "0.12": 2.7323645112580124,
    "0.24": 7.039342663033751
  },
  "kappaP": {
    "80": 0.6151584793911479,
    "40": 6.899410971067333,
    "20": 18.62550487214968,
    "10": 19.521231572874225
  }
}