{
  "rho": [
    0.4442968581318316,
    0.22222225901826212,
    0.33348088284990623
  ],
  "pi": [
    [
      0.9999969989866119,
      4.502137375390019e-07,
      2.5507996506000013e-06
    ],
    [
      7.528535946747301e-07,
      0.99999870917816,
      5.379682450906891e-07
    ],
    [
      3.9823111998365065e-07,
      0.9999992543504873,
      3.4741839270724563e-07
    ]
  ],
  "A": [
    [
      [
        0.7877739635777408,
        0.12704881312417482,
        0.08517722329808435
      ],
      [
        0.8304103606532546,
        0.16958957260418422,
        6.674256106481814e-08
      ],
      [
        0.8090720625000829,
        0.0006531770772546368,
        0.19027476042266234
      ]
    ],
    [
      [
        0.6827992312870732,
        0.3172007018688836,
        6.684404325043061e-08
      ],
      [
        0.03596657395715538,
        0.9640334217360316,
        4.306813003526479e-09
      ],
      [
        0.3273657002483611,
        0.4555633114900371,
        0.2170709882616017
      ]
    ],
    [
      [
        0.8851928243438623,
        0.09077274813878021,
        0.024034427517357484
      ],
      [
        0.2095668719677804,
        0.7904331125177302,
        1.5514489378810375e-08
      ],
      [
        0.9999991021313719,
        5.308708000163239e-07,
        3.669978281586946e-07
      ]
    ]
  ],
  "kappaS": {
    "0.06": 1.908389381343166,
    "0.12": 4.738700350058292,
    "0.24": 9.494273813296125
  },
  "kappaP": {
    "80": 1.658756763288016,
    "40": 3.749221242482026,
    "20": 14.56939501455594,
    "10": 24.241272406908333
  }
}