{
  "kappaS": {
    "0.06": 4.945158807668949,
    "0.12": 11.41220959568465,
    "0.24": 28.547479219288952
  },
  "kappaP": {
    "80": 1.1918027069215196,
    "40": 25.685851795895687,
    "20": 38.62998855093242,
    "10": 66.96371561382901
  },
  "weights": [
    0.6,
    0.35,
    0.05
  ],
  "rho": [
    0.5837585689917116,
    0.19938275709611186,
    0.21685867391217656
  ],
  "class_weights": [
    [
      0.8353468999856376,
      0.15276450196988167,
      0.011888598044480727
    ],
    [
      0.3142729329031291,
      0.6840814058320609,
      0.0016456612648100457
    ],
    [
      0.6597611664395677,
      0.3402388324831421,
      1.077290244377396e-09
    ]
  ]
}