{
  "rho": [
    0.2570178634251015,
    0.34615385460598364,
    0.3968282819689149
  ],
  "pi": [
    [
      0.9999993864407765,
      2.4724776011616487e-07,
      3.663114633434752e-07
    ],
    [
      0.7818271901238866,
      1.690372629469774e-07,
      0.2181726408388504
    ],
    [
      0.6569002333408822,
      1.9836035105547814e-06,
      0.3430977830556073
    ]
  ],
  "A": [
    [
      [
        0.9740751849731584,
        0.024259708732792554,
        0.0016651062940489713
      ],
      [
        0.6928014681571877,
        0.30719812329048674,
        4.085523254920728e-07
      ],
      [
        0.999973532387011,
        2.3548207889542734e-05,
        2.9194050994925267e-06
      ]
    ],
    [
      [
        0.7581153289643139,
        0.24188465874563098,
        1.229005534559106e-08
      ],
      [
        0.014660594311979108,
        0.9853394048827843,
        8.052365769470848e-10
      ],
      [
        1.0872099760210547e-07,
        0.1066041806831779,
        0.8933957105958246
      ]
    ],
    [
      [
        0.8093809659929938,
        0.1906190326164027,
        1.3906036044701465e-09
      ],
      [
        0.7370332201969199,
        0.2629667751808237,
        4.622256409006922e-09
      ],
      [
        0.07239646990950975,
        2.4281129068412375e-07,
        0.9276032872791995
      ]
    ]
  ],
  "kappaS": {
    "0.06": 1.2863766336346487,
    "0.12": 3.362548874675736,
    "0.24": 13.732798596585596
  },
  "kappaP": {
    "80": 1e-06,
    "40": 6.022236200498168,
    "20": 8.50146269092139,
    "10": 10.846446606321535
  }
}