{
  "rho": [
    0.3654604693288494,
    0.2727267960945481,
    0.3618127345766024
  ],
  "pi": [
    [
      0.8394421482141539,
      2.2803174834787362e-07,
      0.16055762375409785
    ],
    [
      0.7718486856498425,
      0.05674708131492455,
      0.171404233035233
    ],
    [
      0.5430605520220709,
      0.3394461348215699,
      0.1174933131563594
    ]
  ],
  "A": [
    [
      [
        0.8530798090726219,
        0.08041629834466109,
        0.06650389258271695
      ],
      [
        0.8571031511217596,
        0.1263272228276557,
        0.016569626050584655
      ],
      [
        0.9080993810675312,
        0.03346067403697709,
        0.05843994489549175
      ]
    ],
    [
      [
        0.2237585137742309,
        0.7762414821505138,
        4.075255341486926e-09
      ],
      [
        0.16346941092328693,
        0.836530588145145,
        9.31568088532205e-10
      ],
      [
        0.9999905881003205,
        8.504829807870714e-06,
        9.070698715977247e-07
      ]
    ],
    [
      [
        0.6823782399794732,
        0.310906292979081,
        0.006715467041445769
      ],
      [
        0.6847144891851845,
        0.3152855072735974,
        3.5412181228572607e-09
      ],
      [
        0.24403468251858892,
        0.755894977204529,
        7.034027688206615e-05
      ]
    ]
  ],
  "kappaS": {
    "0.06": 3.404634381515686,
    "0.12": 10.506917726714436,
    "0.24": 29.096270702036012
  },
  "kappaP": {
    "80": 56.66297942455045,
    "40": 40.57724814428961,
    "20": 32.56937878680781,
    "10": 35.34498758666108
  }
}