{
  "rho": [
    0.5236080806487035,
    0.380952046620948,
    0.09543987273034857
  ],
  "pi": [
    [
      0.6905803495101887,
      0.1564075003592948,
      0.1530121501305168
    ],
    [
      0.09702954707426814,
      0.6514895410407051,
      0.2514809118850268
    ],
    [
      1.2619404542322716e-06,
      0.9999980018247957,
      7.362347501169468e-07
    ]
  ],
  "A": [
    [
      [
        0.8851207177195872,
        0.10322677993407345,
        0.011652502346339416
      ],
      [
        0.7466092201129835,
        0.10292898044361057,
        0.1504617994434059
      ],
      [
        0.9491504252457773,
        3.7393170444823406e-07,
        0.050849200822518016
      ]
    ],
    [
      [
        0.5728059291922526,
        0.42719406604708404,
        4.760663311105054e-09
      ],
      [
        0.10969005970628297,
        0.8903099388419474,
        1.4517696098979983e-09
      ],
      [
        0.9999975766708428,
        7.149171344546017e-07,
        1.7084120228169686e-06
      ]
    ],
    [
      [
        0.4556401825563203,
        0.3546160702700149,
        0.18974374717366482
      ],
      [
        0.33197622511295105,
        0.6483835984297563,
        0.01964017645729266
      ],
      [
        0.7789831858471075,
        0.0009933091962233136,
        0.22002350495666909
      ]
    ]
  ],
  "kappaS": {
    "0.06": 2.345231238398953,
    "0.12": 7.331505540910915,
    "0.24": 17.80621721719253
  },
  "kappaP": {
    "80": 1.5809540583910142,
    "40": 12.053297339958897,
    "20": 14.64848154904297,
    "10": 39.23206562906975
  }
}