{
  "rho": [
    0.49990281062316033,
    0.2500581248755606,
    0.2500390645012791
  ],
  "pi": [
    [
      0.6847902651910861,
      0.31520955858986927,
      1.762190445374554e-07
    ],
    [
      1.396111752660064e-06,
      0.19711242106090673,
      0.8028861828273406
    ],
    [
      0.5697169561661402,
      0.4302826623080006,
      3.8152585917893737e-07
    ]
  ],
  "A": [
    [
      [
        0.941630327955248,
        0.006592636340108993,
        0.05177703570464307
      ],
      [
        0.16725523508044352,
        0.6599454950466286,
        0.17279926987292793
      ],
      [
        0.8544742494396236,
        0.03800048831129118,
        0.10752526224908504
      ]
    ],
    [
      [
        0.7858866103521179,
        0.2141133749378429,
        1.4710039158250492e-08
      ],
      [
        0.0634635906383459,
        0.936536406299357,
        3.0622971502365348e-09
      ],
      [
        0.9999989045396801,
        4.840353386790761e-07,
        6.114249812741456e-07
      ]
    ],
    [
      [
        0.6436848113502621,
        0.3424290059820081,
        0.013886182667729677
      ],
      [
        0.680775921043475,
        0.31922404037580326,
        3.8580721707094303e-08
      ],
      [
        0.32318099190175464,
        2.774570714402964e-07,
        0.6768187306411739
      ]
    ]
  ],
  "kappaS": {
    "0.06": 1.6755566335810592,
    "0.12": 4.82140734747606,
    "0.24": 17.37457949424871
  },
  "kappaP": {
    "80": 9.843712074597116,
    "40": 13.175984433367086,
    "20": 9.190808981230271,
    "10": 10.24844242161423
  }
}