{
  "rho": [
    0.5552837609187379,
    0.3703701045291857,
    0.07434613455207637
  ],
  "pi": [
    [
      0.5848130999610288,
      0.29029000710547453,
      0.12489689293349654
    ],
    [
      5.454814315328256e-07,
      0.6142569744186039,
      0.3857424800999647
    ],
    [
      1.3826928140198294e-06,
      0.9999978567121297,
      7.605950563050636e-07
    ]
  ],
  "A": [
    [
      [
        0.8808787424976932,
        0.10856482678848432,
        0.010556430713822416
      ],
      [
        0.7981478177305807,
        0.09036588288577566,
        0.11148629938364367
      ],
      [
        0.984113469463652,
        4.23740343128433e-07,
        0.01588610679600468
      ]
    ],
    [
      [
        0.46696137304119456,
        0.5330386212757589,
        5.683046629619374e-09
      ],
      [
        0.11429649470921328,
        0.8849889677320613,
        0.0007145375587254667
      ],
      [
        0.7008661887389163,
        6.234694898142821e-07,
        0.2991331877915939
      ]
    ],
    [
      [
        0.48006039114386134,
        0.33540154554558543,
        0.1845380633105532
      ],
      [
        0.32426236335954056,
        0.6591257207751625,
        0.016611915865296985
      ],
      [
        0.7861323984893409,
        0.002430215487799038,
        0.21143738602285997
      ]
    ]
  ],
  "kappaS": {
    "0.06": 2.2312782602156718,
    "0.12": 7.077572780654221,
    "0.24": 17.64855073639583
  },
  "kappaP": {
    "80": 1.541397504245412,
    "40": 12.918619666155202,
    "20": 14.251626520600501,
    "10": 37.26602197866272
  }
}