{
  "rho": [
    0.544959076233959,
    0.40903345929973123,
    0.04600746446630974
  ],
  "pi": [
    [
      0.533214154757627,
      0.466785737077247,
      1.0816512593847323e-07
    ],
    [
      0.3190931958516957,
      0.13124795124264121,
      0.5496588529056632
    ],
    [
      0.999997644905263,
      1.0676919244174226e-06,
      1.287402812558959e-06
    ]
  ],
  "A": [
    [
      [
        0.9454723857281325,
        0.05261087195685476,
        0.0019167423150127107
      ],
      [
        0.6767371597206593,
        0.32326282112132226,
        1.9158018423422745e-08
      ],
      [
        0.00028511371186115225,
        0.215897535951163,
        0.7838173503369759
      ]
    ],
    [
      [
        0.8663153812889862,
        0.12438560440826228,
        0.009299014302751435
      ],
      [
        0.04515680881522764,
        0.9476280547845418,
        0.007215136400230527
      ],
      [
        0.2732290494168336,
        0.7267708427109887,
        1.0787217766082126e-07
      ]
    ],
    [
      [
        0.7590693187030332,
        1.0224265471335449e-08,
        0.2409306710727013
      ],
      [
        0.40080005210002134,
        0.29998386470617594,
        0.2992160831938027
      ],
      [
        0.6708871970580368,
        3.412999738216979e-08,
        0.32911276881196583
      ]
    ]
  ],
  "kappaS": {
    "0.06": 1.5215859374941023,
    "0.12": 3.9877967920256205,
    "0.24": 16.404216281459952
  },
  "kappaP": {
    "80": 1e-06,
    "40": 52.68884013867495,
    "20": 14.357418976220318,
    "10": 20.879054575182206
  }
}