{
  "rho": [
    0.2692298053301834,
    0.3846154116498191,
    0.34615478301999747
  ],
  "pi": [
    [
      0.9999994447467632,
      2.3896532738203935e-07,
      3.162879092787366e-07
    ],
    [
      0.6718027377504715,
      1.1486906592882318e-07,
      0.3281971473804628
    ],
    [
      0.3557620262714692,
      2.686075393822126e-07,
      0.6442377051209914
    ]
  ],
  "A": [
    [
      [
        0.9872163514966025,
        0.005105118622248234,
        0.007678529881149243
      ],
      [
        0.3788397982864276,
        0.6206306143893807,
        0.0005295873241915567
      ],
      [
        0.9989932165564752,
        0.001005993299125639,
        7.901443992118414e-07
      ]
    ],
    [
      [
        0.8486212030056901,
        0.14185632110347488,
        0.009522475890835085
      ],
      [
        0.006472344396997987,
        0.9935276549608625,
        6.421394809801631e-10
      ],
      [
        0.34990998006220664,
        0.021277905189280532,
        0.6288121147485128
      ]
    ],
    [
      [
        0.7973724642422969,
        0.18025708088221376,
        0.022370454875489332
      ],
      [
        0.46785463059473814,
        0.5321453534216577,
        1.5983603999330148e-08
      ],
      [
        0.9998651409964454,
        3.543971857046471e-07,
        0.00013450460636885923
      ]
    ]
  ],
  "kappaS": {
    "0.06": 1.2918028095992327,
    "0.12": 4.01112368031839,
    "0.24": 14.65624897621029
  },
  "kappaP": {
    "80": 1e-06,
    "40": 6.554462375513733,
    "20": 8.276830425005777,
    "10": 11.129181274075357
  }
}