{
  "rho": [
    0.41039705045022884,
    0.3809443912763101,
    0.20865855827346097
  ],
  "pi": [
    [
      0.7954974235837599,
      0.019293328893604918,
      0.18520924752263526
    ],
    [
      0.44599685514693904,
      0.08867612218828234,
      0.46532702266477866
    ],
    [
      0.35228916756883183,
      0.3703722065116676,
      0.2773386259195006
    ]
  ],
  "A": [
    [
      [
        0.8541328703607075,
        0.12162902018802943,
        0.024238109451263007
      ],
      [
        0.5758225645257398,
        0.4241774225345123,
        1.2939747940990984e-08
      ],
      [
        0.999999751165551,
        5.449034899750373e-08,
        1.9434409990957616e-07
      ]
    ],
    [
      [
        0.7823921262615947,
        0.19809779903857896,
        0.01951007469982637
      ],
      [
        0.06723241426297344,
        0.9256115797366709,
        0.007156006000355685
      ],
      [
        0.22905069083628465,
        0.7709489413293727,
        3.678343427173331e-07
      ]
    ],
    [
      [
        0.9132671520132697,
        0.00015542973324178576,
        0.08657741825348853
      ],
      [
        0.34446386446287597,
        0.6555358888481314,
        2.466889926443076e-07
      ],
      [
        0.6476899080531068,
        3.008257120392449e-08,
        0.35231006186432196
      ]
    ]
  ],
  "kappaS": {
    "0.06": 1.5518306591468212,
    "0.12": 3.8994711989003026,
    "0.24": 16.397495464300928
  },
  "kappaP": {
    "80": 30.998315827136373,
    "40": 33.90223440264301,
    "20": 15.269219481765331,
    "10": 21.63511376330897
  }
}