{
  "kappaS": {
    "0.06": 2.1843785870488204,
    "0.12": 6.998120517604356,
    "0.24": 17.579727414033695
  },
  "kappaP": {
    "80": 1.5677127135056599,
    "40": 13.30527310001211,
    "20": 14.140943493005256,
    "10": 37.87525219523739
  },
  "weights": [
    0.6,
    0.35,
    0.05
  ],
  "rho": [
    0.5553515296273468,
    0.37037032712085605,
    0.07427814325179707
  ],
  "class_weights": [
    [
      0.8770663225058627,
      0.10262580714386009,
      0.020307870350277094
    ],
    [
      0.1780802711164755,
      0.8204955774004603,
      0.0014241514830640397
    ],
    [
      0.4406459641233283,
      0.45568377782970987,
      0.10367025804696194
    ]
  ]
}