{
  "rho": [
    0.29296444444932895,
    0.33333393726853255,
    0.3737016182821384
  ],
  "pi": [
    [
      0.9999993122844656,
      1.9887099951000174e-07,
      4.888445348649483e-07
    ],
    [
      0.9999996873978404,
      1.549902664559263e-07,
      1.576118929310673e-07
    ],
    [
      0.8409668011717795,
      1.4604688573197894e-07,
      0.15903305278133484
    ]
  ],
  "A": [
    [
      [
        0.9830724970461929,
        0.0038938992126010714,
        0.013033603741206
      ],
      [
        0.42633881060197054,
        0.5736582291551073,
        2.960242922159844e-06
      ],
      [
        0.9999982966591944,
        1.4868770921509265e-06,
        2.164637134980431e-07
      ]
    ],
    [
      [
        0.8616618293942107,
        0.1149929527350916,
        0.02334521787069781
      ],
      [
        0.00557260932763163,
        0.993298509196915,
        0.0011288814754534106
      ],
      [
        4.7265966376967353e-07,
        0.9999992384727415,
        2.888675946896465e-07
      ]
    ],
    [
      [
        0.7754716848717854,
        0.22452831400452863,
        1.123685957206198e-09
      ],
      [
        0.6608125755662543,
        0.33918742157388143,
        2.8598640803156096e-09
      ],
      [
        0.034195684682886224,
        9.518543908601076e-08,
        0.9658042201316747
      ]
    ]
  ],
  "kappaS": {
    "0.06": 1.37538128910282,
    "0.12": 3.552674950491235,
    "0.24": 14.949361106913528
  },
  "kappaP": {
    "80": 1e-06,
    "40": 6.008218402861875,
    "20": 8.143244363984213,
    "10": 11.285862996194213
  }
}