{
  "subject_id": 1,
  "fold_id": 4,
  "n_train_trials": 6442,
  "n_test_trials": 2120,
  "converged": true,
  "n_iterations": 211,
  "train_ll": -2840.3383774934423,
  "test_total_ll": -919.664230699512,
  "test_ll_per_trial": -0.4338038824054302,
  "monotonic": true
}