{
  "rho": [
    0.47528218313623594,
    0.22902441815206667,
    0.2956933987116974
  ],
  "pi": [
    [
      0.7429204737957171,
      0.25707940919005057,
      1.1701423215713765e-07
    ],
    [
      2.075633904416062e-07,
      0.37608115754272703,
      0.6239186348938826
    ],
    [
      0.33999260383185953,
      0.3533036328529893,
      0.30670376331515126
    ]
  ],
  "A": [
    [
      [
        0.8513664452444365,
        0.1341657318082556,
        0.014467822947307899
      ],
      [
        0.888657355604847,
        0.11134262878662585,
        1.5608526948486704e-08
      ],
      [
        0.8323780294573837,
        7.887614972793214e-07,
        0.16762118178111893
      ]
    ],
    [
      [
        0.8020577123944904,
        0.1979422849950588,
        2.6104508556417338e-09
      ],
      [
        0.11024324520474284,
        0.8897567530630619,
        1.732195285645525e-09
      ],
      [
        3.0191662847504074e-07,
        0.8018470998318795,
        0.19815259825149195
      ]
    ],
    [
      [
        0.7721103807304321,
        0.22788961772899594,
        1.5405719448498192e-09
      ],
      [
        0.533354951453627,
        0.463575757293695,
        0.0030692912526780127
      ],
      [
        4.687736995473779e-07,
        0.9999992335273107,
        2.9769898991963633e-07
      ]
    ]
  ],
  "kappaS": {
    "0.06": 4.8664371380672815,
    "0.12": 11.056452092460683,
    "0.24": 26.81605515210493
  },
  "kappaP": {
    "80": 1.1524486529031321,
    "40": 30.745987016277464,
    "20": 39.91504921908464,
    "10": 65.17045968557024
  }
}