{
  "subject_id": 11,
  "split_id": 1,
  "n_train_trials": 2586,
  "n_test_trials": 877,
  "converged": false,
  "n_iterations": 300,
  "train_ll": -2362.702066353899,
  "test_total_ll": -679.9839858972078,
  "test_ll_per_trial": -0.7753523214335323,
  "monotonic": true
}