{
  "rho": [
    0.5831890965746972,
    0.3333342412217889,
    0.08347666220351387
  ],
  "pi": [
    [
      0.5844481901656879,
      0.41555017848441067,
      1.6313499012929754e-06
    ],
    [
      0.5520304678378857,
      0.16741637227896336,
      0.280553159883151
    ],
    [
      0.9999972117388201,
      1.458944859593522e-06,
      1.3293163203266528e-06
    ]
  ],
  "A": [
    [
      [
        0.9689793823641698,
        0.018720095115118743,
        0.012300522520711623
      ],
      [
        0.7443642912397511,
        0.03577062049505712,
        0.2198650882651918
      ],
      [
        0.9982231701951993,
        6.631974668411197e-05,
        0.001710510058116604
      ]
    ],
    [
      [
        0.8717498872392563,
        0.12441195793823277,
        0.0038381548225110097
      ],
      [
        0.05677160897835647,
        0.9432283852250509,
        5.796592465013364e-09
      ],
      [
        1.4074531424200802e-06,
        0.9999978851098912,
        7.074369666890903e-07
      ]
    ],
    [
      [
        0.804284340484538,
        0.08225567311136492,
        0.11345998640409706
      ],
      [
        0.9999992369273291,
        4.3515784230457277e-07,
        3.2791482866250096e-07
      ],
      [
        0.13092199398820967,
        0.8690775987161715,
        4.072956188498925e-07
      ]
    ]
  ],
  "kappaS": {
    "0.06": 1.2511604033726484,
    "0.12": 3.687218727118565,
    "0.24": 15.328140985866778
  },
  "kappaP": {
    "80": 1e-06,
    "40": 0.1750714775508559,
    "20": 13.086849843032091,
    "10": 20.793080080201566
  }
}