{
  "rho": [
    0.1433094550411302,
    0.3809522087779503,
    0.4757383361809195
  ],
  "pi": [
    [
      4.9045384572922e-07,
      0.623778423213547,
      0.3762210863326072
    ],
    [
      3.157810769218556e-05,
      0.4496862316436105,
      0.5502821902486974
    ],
    [
      0.20308427768203427,
      0.5180603783692649,
      0.27885534394870093
    ]
  ],
  "A": [
    [
      [
        0.9694162764882075,
        0.013718109148517453,
        0.016865614363274963
      ],
      [
        0.10229326030811926,
        0.8977067189635983,
        2.0728282343094536e-08
      ],
      [
        0.43993704556883384,
        1.0210322492706827e-07,
        0.5600628523279412
      ]
    ],
    [
      [
        0.6748672115836583,
        0.30482409401846716,
        0.02030869439787461
      ],
      [
        0.039502751689127126,
        0.960497245094104,
        3.2167689415570774e-09
      ],
      [
        0.5401921720891096,
        0.4598074776046441,
        3.5030624632663333e-07
      ]
    ],
    [
      [
        0.7651613037194016,
        0.07028234437604379,
        0.16455635190455464
      ],
      [
        0.2576179515107696,
        0.7190362013538789,
        0.023345847135351448
      ],
      [
        0.5084515116799688,
        0.05737834519427385,
        0.4341701431257573
      ]
    ]
  ],
  "kappaS": {
    "0.06": 1.2161989342352435,
    "0.12": 3.3104413048589505,
    "0.24": 8.828889522491657
  },
  "kappaP": {
    "80": 11.1310622581101,
    "40": 10.880195083932195,
    "20": 12.122678412100512,
    "10": 16.507277682435035
  }
}