{
  "rho": [
    0.5452819905646615,
    0.3636359419568137,
    0.09108206747852468
  ],
  "pi": [
    [
      0.5873876093548784,
      0.4126120272562371,
      3.6338888458103104e-07
    ],
    [
      1.8993657485931874e-07,
      0.6407669282490361,
      0.359232881814389
    ],
    [
      1.5862537597999566e-06,
      0.9999976109431152,
      8.028031248081921e-07
    ]
  ],
  "A": [
    [
      [
        0.8659218828385339,
        0.1236727726584641,
        0.010405344503001995
      ],
      [
        0.7832758616425846,
        0.0690999357026622,
        0.14762420265475318
      ],
      [
        0.9999977686434502,
        2.120624220072463e-06,
        1.1073232950584735e-07
      ]
    ],
    [
      [
        0.18921263698587898,
        0.8107873560979604,
        6.91616057827438e-09
      ],
      [
        0.1768681833268665,
        0.8220777384701321,
        0.001054078203001335
      ],
      [
        0.09179123240058558,
        0.4767143558524341,
        0.4314944117469804
      ]
    ],
    [
      [
        0.4749710776172749,
        0.3413652417345395,
        0.1836636806481855
      ],
      [
        0.33787583497998125,
        0.644397487084012,
        0.017726677936006897
      ],
      [
        0.7689142214586164,
        0.011552022971180865,
        0.21953375557020263
      ]
    ]
  ],
  "kappaS": {
    "0.06": 2.2456394638671715,
    "0.12": 7.149183474632,
    "0.24": 17.66406353861348
  },
  "kappaP": {
    "80": 1.5377774807060178,
    "40": 15.294585060013338,
    "20": 15.25942406639819,
    "10": 45.83184811125384
  }
}