{
  "rho": [
    0.4544047653234402,
    0.3637391082422562,
    0.18185612643430374
  ],
  "pi": [
    [
      4.62040512484578e-07,
      0.9999989621060932,
      5.758533943356616e-07
    ],
    [
      0.9999994703876558,
      2.543495248859097e-07,
      2.752628193030309e-07
    ],
    [
      0.4488091035627613,
      8.573964637240891e-07,
      0.551190039040775
    ]
  ],
  "A": [
    [
      [
        0.7748021597811959,
        0.12555901642100287,
        0.09963882379780109
      ],
      [
        0.30567410335480966,
        0.6941645694402011,
        0.00016132720498921875
      ],
      [
        0.9864565858570814,
        0.0012593430873015425,
        0.012284071055616878
      ]
    ],
    [
      [
        0.9598398143903311,
        0.01647144723750593,
        0.023688738372162954
      ],
      [
        0.004341670705221279,
        0.9349855269582854,
        0.060672802336493296
      ],
      [
        0.1748454149457704,
        0.7830190199715927,
        0.04213556508263687
      ]
    ],
    [
      [
        0.28920411539021573,
        4.933947268176404e-08,
        0.7107958352703116
      ],
      [
        0.46217925791003844,
        0.20703216395532034,
        0.33078857813464124
      ],
      [
        0.534219000118807,
        4.208047342547658e-08,
        0.4657809578007195
      ]
    ]
  ],
  "kappaS": {
    "0.06": 1.0960233867962679,
    "0.12": 2.233381455033537,
    "0.24": 6.475429640262965
  },
  "kappaP": {
    "80": 0.5720568542808713,
    "40": 2.07462359270755,
    "20": 10.58739638902825,
    "10": 16.877162671064145
  }
}