{
  "subject_id": 2,
  "split_id": 3,
  "n_train_trials": 5325,
  "n_test_trials": 1280,
  "converged": true,
  "n_iterations": 81,
  "train_ll": -2786.15639300067,
  "test_total_ll": -595.2825997347574,
  "test_ll_per_trial": -0.4650645310427792,
  "monotonic": true
}