{
  "rho": [
    0.16038282964097786,
    0.3601450918606142,
    0.4794720784984079
  ],
  "pi": [
    [
      3.554323050527672e-07,
      0.9999993677382962,
      2.768293987712688e-07
    ],
    [
      1.8483160113739044e-07,
      0.8776194023156657,
      0.1223804128527333
    ],
    [
      0.19285395508498945,
      0.8071458322708848,
      2.1264412574569222e-07
    ]
  ],
  "A": [
    [
      [
        0.5059945220056725,
        0.4613048889144138,
        0.03270058907991372
      ],
      [
        0.3927495410122192,
        0.6072504031027426,
        5.588503822052796e-08
      ],
      [
        0.541287445049975,
        0.45871210994112704,
        4.4500889804585573e-07
      ]
    ],
    [
      [
        0.7891122778654829,
        0.21088771690047542,
        5.234041741251408e-09
      ],
      [
        0.036013893805405095,
        0.9639861049703745,
        1.2242203491533226e-09
      ],
      [
        1.0087200874953697e-06,
        0.9999980204954195,
        9.707844928970133e-07
      ]
    ],
    [
      [
        0.4846647540498032,
        0.3792002379631346,
        0.1361350079870623
      ],
      [
        0.27958375334869406,
        0.6220452409226885,
        0.09837100572861719
      ],
      [
        0.27981462466738866,
        0.1989372221193822,
        0.5212481532132291
      ]
    ]
  ],
  "kappaS": {
    "0.06": 2.5521662339564974,
    "0.12": 4.941582166916973,
    "0.24": 13.059914109799212
  },
  "kappaP": {
    "80": 21.65963288931258,
    "40": 27.747581938788596,
    "20": 27.888480308410912,
    "10": 55.686481677098094
  }
}