{
  "kappaS": {
    "0.06": 1.6444165386699412,
    "0.12": 5.610669552446892,
    "0.24": 17.318449521833575
  },
  "kappaP": {
    "80": 8.47251230317841,
    "40": 12.356681924370513,
    "20": 11.64633214235822,
    "10": 12.626483112241969
  },
  "weights": [
    0.6,
    0.35,
    0.05
  ],
  "rho": [
    0.23684037457833065,
    0.3499994414462898,
    0.4131601839753794
  ],
  "class_weights": [
    [
      0.8962208169464718,
      0.035715426035692006,
      0.06806375701783612
    ],
    [
      0.2696878827506041,
      0.730312116073916,
      1.1754798631443273e-09
    ],
    [
      0.7469142705110721,
      0.2072804180535505,
      0.04580531143537737
    ]
  ]
}