{
  "rho": [
    0.38067808549996884,
    0.5238062488416307,
    0.09551566565840051
  ],
  "pi": [
    [
      0.9999967408474579,
      2.9734119421404814e-06,
      2.857405998331181e-07
    ],
    [
      0.9516789082037876,
      0.048320959313214944,
      1.3248299736186563e-07
    ],
    [
      0.4433847432253502,
      5.813628160178127e-07,
      0.5566146754118337
    ]
  ],
  "A": [
    [
      [
        0.6519363108628567,
        0.325580455487839,
        0.022483233649304244
      ],
      [
        0.6368413368456237,
        0.3173294324743817,
        0.045829230679994525
      ],
      [
        0.9999884855031129,
        1.1136980154807506e-05,
        3.775167321761083e-07
      ]
    ],
    [
      [
        0.8816034352735919,
        0.058636176178076614,
        0.059760388548331614
      ],
      [
        0.013492511154050956,
        0.963623947583593,
        0.022883541262355908
      ],
      [
        0.34978983814152714,
        0.6502101192198179,
        4.263865508032334e-08
      ]
    ],
    [
      [
        0.24459875629417602,
        0.011559002028236249,
        0.7438422416775878
      ],
      [
        0.27898891240135654,
        0.7210103799258287,
        7.076728146993439e-07
      ],
      [
        0.41804597565383084,
        2.665087689961463e-08,
        0.5819539976952923
      ]
    ]
  ],
  "kappaS": {
    "0.06": 1.412693533332112,
    "0.12": 3.192088319592952,
    "0.24": 9.395931851124903
  },
  "kappaP": {
    "80": 0.3746498437479381,
    "40": 8.094584577838557,
    "20": 16.634134709486446,
    "10": 20.716388271982535
  }
}