{
  "rho": [
    0.3226227749011602,
    0.33337444630781415,
    0.34400277879102564
  ],
  "pi": [
    [
      0.60626572227137,
      0.3937341303726486,
      1.4735598143944588e-07
    ],
    [
      0.0838353058869629,
      0.46447689215360893,
      0.4516878019594282
    ],
    [
      0.9850074736852293,
      0.014992244319291735,
      2.819954787801566e-07
    ]
  ],
  "A": [
    [
      [
        0.9120942345556826,
        0.03973867880459826,
        0.04816708663971908
      ],
      [
        0.45187416643776523,
        0.4550786337291971,
        0.09304719983303758
      ],
      [
        0.9273034128495623,
        8.41498548339436e-08,
        0.07269650300058278
      ]
    ],
    [
      [
        0.6921842095714152,
        0.3078157762343831,
        1.419420146274232e-08
      ],
      [
        0.09703116794602767,
        0.902968830433388,
        1.6205843257808586e-09
      ],
      [
        0.9999981054177305,
        8.70905851121717e-07,
        1.0236764182804308e-06
      ]
    ],
    [
      [
        0.7227220357514329,
        0.23345846664000297,
        0.043819497608564156
      ],
      [
        0.6931996614511635,
        0.29712350870537374,
        0.009676829843462739
      ],
      [
        0.8944886145704778,
        1.6854603691179154e-05,
        0.10549453082583095
      ]
    ]
  ],
  "kappaS": {
    "0.06": 1.6119589683340236,
    "0.12": 5.448059872059277,
    "0.24": 17.11767083348968
  },
  "kappaP": {
    "80": 8.289536104232253,
    "40": 15.10464954916685,
    "20": 10.76412583826468,
    "10": 13.53851060911032
  }
}