{
  "rho": [
    0.4721081778258025,
    0.38503463850073705,
    0.14285718367346065
  ],
  "pi": [
    [
      5.13249492212105e-07,
      0.8878630871775072,
      0.11213639957300058
    ],
    [
      5.8595697732409e-07,
      0.9999991606488942,
      2.5339412854338277e-07
    ],
    [
      6.278169436115395e-07,
      0.39889422557042487,
      0.6011051466126316
    ]
  ],
  "A": [
    [
      [
        0.39202608943412154,
        0.6079738999880269,
        1.0577851638946492e-08
      ],
      [
        0.4061654450364026,
        0.5938344883976062,
        6.656599113723229e-08
      ],
      [
        6.6540159162570015e-06,
        0.9999916688734107,
        1.6771106730602777e-06
      ]
    ],
    [
      [
        0.41229342271992875,
        0.5877065670740967,
        1.020597460303197e-08
      ],
      [
        0.10096367865666554,
        0.899036319496354,
        1.8469804985775655e-09
      ],
      [
        0.3580409020469905,
        0.39029157981844415,
        0.2516675181345653
      ]
    ],
    [
      [
        0.31041778324196745,
        2.5635891371826282e-08,
        0.6895821911221413
      ],
      [
        4.4437237946038405e-06,
        1.4227007720197894e-06,
        0.9999941335754334
      ],
      [
        0.42681270037258406,
        2.3295757131788147e-08,
        0.5731872763316587
      ]
    ]
  ],
  "kappaS": {
    "0.06": 2.8159511698242254,
    "0.12": 5.39176290486272,
    "0.24": 11.22930797761749
  },
  "kappaP": {
    "80": 2.121585900658483,
    "40": 3.735500806170908,
    "20": 4.375994128533357,
    "10": 8.912025524748323
  }
}