{
  "rho": [
    0.6180990426201085,
    4.7619040833806386e-08,
    0.38190090976085067
  ],
  "pi": [
    [
      0.9999995783136618,
      2.6620335428354346e-07,
      1.5548298393371367e-07
    ],
    [
      0.3333333333324715,
      0.33333333330967463,
      0.33333333335785387
    ],
    [
      0.23471194005171184,
      0.13886526802973445,
      0.6264227919185539
    ]
  ],
  "A": [
    [
      [
        0.9201435499014688,
        0.07985644815949433,
        1.9390367832166424e-09
      ],
      [
        0.9746069933078143,
        0.02539298954472246,
        1.7147463197136913e-08
      ],
      [
        0.4984141067185382,
        0.2992954761726998,
        0.2022904171087619
      ]
    ],
    [
      [
        0.3333333339974365,
        0.3333333329190562,
        0.33333333308350727
      ],
      [
        0.3333333338275433,
        0.3333333330432338,
        0.33333333312922275
      ],
      [
        0.3333333337867841,
        0.3333333330123418,
        0.3333333332008741
      ]
    ],
    [
      [
        0.810178038645182,
        3.5484541927003993e-09,
        0.18982195780636382
      ],
      [
        0.9999958413005516,
        2.654822031351528e-06,
        1.5038774170121857e-06
      ],
      [
        0.5717564833862631,
        1.0599092336732662e-08,
        0.42824350601464467
      ]
    ]
  ],
  "kappaS": {
    "0.06": 1.2172888020546033,
    "0.12": 3.7779354791959565,
    "0.24": 9.883793607047146
  },
  "kappaP": {
    "80": 1e-06,
    "40": 1.5449595360483193,
    "20": 2.5752728010793744,
    "10": 126.83055966810836
  }
}