{
  "rho": [
    0.2804930778700634,
    0.5001563046078923,
    0.2193506175220444
  ],
  "pi": [
    [
      0.8791825895993441,
      0.1208169307696676,
      4.79630988115234e-07
    ],
    [
      0.963233511966684,
      0.0367663837648135,
      1.0426850248267066e-07
    ],
    [
      9.72995926120643e-07,
      0.40912134847286225,
      0.5908776785312115
    ]
  ],
  "A": [
    [
      [
        0.7473360440587123,
        0.24578420185905764,
        0.006879754082229916
      ],
      [
        0.7306463278726462,
        0.23402843301518747,
        0.03532523911216645
      ],
      [
        0.999996788383234,
        2.1471340819179245e-06,
        1.064482684115646e-06
      ]
    ],
    [
      [
        0.8839397894127001,
        0.05378427155636395,
        0.06227593903093586
      ],
      [
        0.011607328635487328,
        0.9606639671253766,
        0.027728704239135836
      ],
      [
        0.3621630310871798,
        0.6378369281676048,
        4.074521531642656e-08
      ]
    ],
    [
      [
        0.5970548573791244,
        3.697150796838372e-06,
        0.40294144547007865
      ],
      [
        0.014721338050741698,
        0.8492584079692461,
        0.13602025398001194
      ],
      [
        0.5623577666123962,
        0.01513471672935048,
        0.42250751665825337
      ]
    ]
  ],
  "kappaS": {
    "0.06": 1.2780426488697794,
    "0.12": 2.8837368152766847,
    "0.24": 8.582921851396202
  },
  "kappaP": {
    "80": 0.4026994574513647,
    "40": 8.102180656842584,
    "20": 17.152443523714478,
    "10": 20.108257592787233
  }
}