{
  "rho": [
    0.5177659966560668,
    0.21973521006059774,
    0.26249879328333536
  ],
  "pi": [
    [
      0.6836601422838164,
      0.3163397808240219,
      7.689216162697854e-08
    ],
    [
      1.6935496884678163e-07,
      0.516721716036955,
      0.4832781146080761
    ],
    [
      0.10797523362392386,
      0.6109634134704384,
      0.2810613529056379
    ]
  ],
  "A": [
    [
      [
        0.8361415267610741,
        0.1382149825450205,
        0.02564349069390539
      ],
      [
        0.8039032709384263,
        0.1960967169275035,
        1.2134070160856393e-08
      ],
      [
        0.8969866357763688,
        2.635603021464695e-06,
        0.10301072862060955
      ]
    ],
    [
      [
        0.7655772815174225,
        0.23442271637866202,
        2.103915504203278e-09
      ],
      [
        0.1319444802793189,
        0.8680555180755742,
        1.6451068565340276e-09
      ],
      [
        2.9849280598454396e-07,
        0.8017996777028974,
        0.19820002380429647
      ]
    ],
    [
      [
        0.8059756974974956,
        0.1940243013742854,
        1.128218829739745e-09
      ],
      [
        0.4478730109527914,
        0.5498058045784531,
        0.0023211844687554065
      ],
      [
        3.6403627881915515e-07,
        0.9999993566838168,
        2.792799043392776e-07
      ]
    ]
  ],
  "kappaS": {
    "0.06": 4.934724393300889,
    "0.12": 11.286113902144901,
    "0.24": 28.170378469551313
  },
  "kappaP": {
    "80": 1.3705447774581776,
    "40": 25.730280579084294,
    "20": 39.12262849906848,
    "10": 73.84718187393781
  }
}