{
  "rho": [
    0.4499570769059236,
    0.4500306631566464,
    0.10001225993742972
  ],
  "pi": [
    [
      0.32534595445103387,
      0.6746521800598404,
      1.8654891258573034e-06
    ],
    [
      0.9999997304393918,
      1.3429287375024356e-07,
      1.3526773441670003e-07
    ],
    [
      0.4437447813573649,
      5.937345651210562e-07,
      0.5562546249080701
    ]
  ],
  "A": [
    [
      [
        0.7405151430349246,
        0.10753667989544986,
        0.15194817706962546
      ],
      [
        0.43839884172913784,
        0.5595800780229591,
        0.0020210802479031257
      ],
      [
        0.9426150116615383,
        0.015877414881243668,
        0.04150757345721817
      ]
    ],
    [
      [
        0.886647606782339,
        0.03949792507404323,
        0.07385446814361778
      ],
      [
        0.008992210311524019,
        0.9619351978063309,
        0.02907259188214521
      ],
      [
        0.4491346834860425,
        0.5508652484125706,
        6.810138678290793e-08
      ]
    ],
    [
      [
        0.25179220919667766,
        0.011427167149444325,
        0.736780623653878
      ],
      [
        0.2767854549464882,
        0.7232138502637016,
        6.947898100883895e-07
      ],
      [
        0.42779055575098346,
        2.9821666064807775e-08,
        0.5722094144273505
      ]
    ]
  ],
  "kappaS": {
    "0.06": 1.4198533257813133,
    "0.12": 2.8708344374111774,
    "0.24": 8.32324556760801
  },
  "kappaP": {
    "80": 0.31361878789916714,
    "40": 8.058401359185794,
    "20": 17.44855989103337,
    "10": 25.768079511575532
  }
}