{
  "rho": [
    0.19767207575489407,
    0.4657048209033101,
    0.3366231033417959
  ],
  "pi": [
    [
      0.5562509826014601,
      0.44374755817090145,
      1.4592276384078074e-06
    ],
    [
      0.7192238819414362,
      0.28077576525489134,
      3.528036723958114e-07
    ],
    [
      0.47467558545143446,
      0.5253227724728505,
      1.642075714898334e-06
    ]
  ],
  "A": [
    [
      [
        0.9007931373515157,
        0.0991700528081916,
        3.6809840292750074e-05
      ],
      [
        0.834847912757521,
        0.1651439217214526,
        8.165521026320613e-06
      ],
      [
        0.9657894212267351,
        0.03299876103591099,
        0.0012118177373539652
      ]
    ],
    [
      [
        0.927753077159212,
        0.01773864720468497,
        0.05450827563610318
      ],
      [
        0.0002433921486710577,
        0.95148762279429,
        0.048268985057038784
      ],
      [
        0.3159820821973649,
        0.6666918467069188,
        0.01732607109571623
      ]
    ],
    [
      [
        0.6626129335310956,
        0.2472944117382308,
        0.09009265473067347
      ],
      [
        0.40757719761549377,
        0.5908675749395462,
        0.0015552274449601878
      ],
      [
        0.9754253159802511,
        0.023506982095358363,
        0.0010677019243905091
      ]
    ]
  ],
  "kappaS": {
    "0.06": 1.2578114067440178,
    "0.12": 2.423572224841,
    "0.24": 6.883559575391481
  },
  "kappaP": {
    "80": 0.3804935330068479,
    "40": 0.3301727243204996,
    "20": 10.243568003074586,
    "10": 16.606501832575344
  }
}