{
  "rho": [
    0.12042861332663699,
    0.44000223792831805,
    0.43956914874504494
  ],
  "pi": [
    [
      4.788861043382905e-07,
      0.6197605323081753,
      0.38023898880572043
    ],
    [
      0.2814009730948689,
      0.45953922675683284,
      0.25905980014829844
    ],
    [
      0.27893638351281874,
      0.46222425673715617,
      0.25883935975002526
    ]
  ],
  "A": [
    [
      [
        0.9693646789095439,
        0.012763564979058709,
        0.017871756111397394
      ],
      [
        0.09482292959922402,
        0.9051770496186339,
        2.078214213696437e-08
      ],
      [
        0.445595899848398,
        8.744682113890368e-08,
        0.5544040127047809
      ]
    ],
    [
      [
        0.760786568383496,
        0.23921342051963704,
        1.1096866820982833e-08
      ],
      [
        0.03243074965076684,
        0.9619418171078318,
        0.005627433241401349
      ],
      [
        9.215705488720944e-06,
        0.9999906581934521,
        1.261010590479028e-07
      ]
    ],
    [
      [
        0.7341587912018405,
        0.07726059689924573,
        0.18858061189891387
      ],
      [
        0.26878902004564703,
        0.7103047586159469,
        0.020906221338405993
      ],
      [
        0.5406879272497572,
        0.045203419932940025,
        0.4141086528173028
      ]
    ]
  ],
  "kappaS": {
    "0.06": 1.241901230556828,
    "0.12": 3.3511414677368583,
    "0.24": 8.618699547797789
  },
  "kappaP": {
    "80": 11.0518474942239,
    "40": 9.235569119851803,
    "20": 11.921150806996463,
    "10": 18.061612102818
  }
}