{
  "rho": [
    0.5075153727011399,
    0.2059923294587938,
    0.28649229784006625
  ],
  "pi": [
    [
      0.6427189784059795,
      0.35728092181698906,
      9.977703130705809e-08
    ],
    [
      2.0275616920870937e-07,
      0.6914151251342381,
      0.30858467210959256
    ],
    [
      3.362858943343525e-07,
      0.6868645402951201,
      0.3131351234189856
    ]
  ],
  "A": [
    [
      [
        0.8231704155732305,
        0.1436911170559609,
        0.03313846737080865
      ],
      [
        0.8159991446308276,
        0.18400083056364847,
        2.4805523972606777e-08
      ],
      [
        0.8466395341213001,
        0.008756363830651405,
        0.14460410204804844
      ]
    ],
    [
      [
        0.787691731719905,
        0.21230826569862146,
        2.581473619411749e-09
      ],
      [
        0.11599986916829622,
        0.8840001294674733,
        1.3642304764757646e-09
      ],
      [
        1.1360831697793114e-06,
        0.9999983778752644,
        4.860415658995293e-07
      ]
    ],
    [
      [
        0.9073191027176187,
        0.0926808960616387,
        1.2207426902171616e-09
      ],
      [
        0.3261383091793648,
        0.6693689245984038,
        0.004492766222231363
      ],
      [
        3.882489846540554e-07,
        0.9999993732609972,
        2.384900181444735e-07
      ]
    ]
  ],
  "kappaS": {
    "0.06": 5.041472382137596,
    "0.12": 11.327272452290892,
    "0.24": 29.153852110001395
  },
  "kappaP": {
    "80": 1.462474573917552,
    "40": 18.674688873255995,
    "20": 36.36145730481274,
    "10": 71.02247097121881
  }
}