{
  "subject_id": 2,
  "fold_id": 2,
  "n_train_trials": 5747,
  "n_test_trials": 2130,
  "converged": true,
  "n_iterations": 235,
  "train_ll": -2792.5709907974165,
  "test_total_ll": -1320.7263059346224,
  "test_ll_per_trial": -0.6200592985608556,
  "monotonic": true
}