{
  "rho": [
    0.2225598180983916,
    0.4074079085875404,
    0.37003227331406796
  ],
  "pi": [
    [
      2.389430255739621e-07,
      0.9999995756775861,
      1.8537938824341658e-07
    ],
    [
      1.416467274049296e-07,
      0.9003979031558665,
      0.09960195519740592
    ],
    [
      0.2348917752504913,
      0.7651080209467636,
      2.0380274520886804e-07
    ]
  ],
  "A": [
    [
      [
        0.5792288601103258,
        0.4096171555154182,
        0.011153984374255875
      ],
      [
        0.31940650206208976,
        0.6711373761317738,
        0.009456121806136477
      ],
      [
        0.6106734028668537,
        0.1684140230336358,
        0.2209125740995106
      ]
    ],
    [
      [
        0.817487609714334,
        0.18251238459095662,
        5.694709424437665e-09
      ],
      [
        0.023491835422330704,
        0.9765081636726421,
        9.050271173906691e-10
      ],
      [
        9.91693277237531e-07,
        0.9999980342175638,
        9.740891589368142e-07
      ]
    ],
    [
      [
        0.4966029596854022,
        0.3588205051192557,
        0.14457653519534214
      ],
      [
        0.35339582023614835,
        0.5420772267234814,
        0.10452695304037025
      ],
      [
        0.3002623438998694,
        0.20415828158814048,
        0.4955793745119902
      ]
    ]
  ],
  "kappaS": {
    "0.06": 2.127848215610971,
    "0.12": 4.418101363509444,
    "0.24": 13.086441616315014
  },
  "kappaP": {
    "80": 23.405388774700693,
    "40": 19.43651351789909,
    "20": 24.437440497784387,
    "10": 60.45761409618854
  }
}