{
  "subject_id": 6,
  "fold_id": 3,
  "n_train_trials": 5621,
  "n_test_trials": 1932,
  "converged": false,
  "n_iterations": 300,
  "train_ll": -5183.994951304174,
  "test_total_ll": -1573.960205349731,
  "test_ll_per_trial": -0.8146791953155957,
  "monotonic": true
}