{
  "rho": [
    0.3408368232605028,
    0.30769238002251803,
    0.3514707967169791
  ],
  "pi": [
    [
      0.7753911748652299,
      2.414896213176649e-07,
      0.2246085836451488
    ],
    [
      0.5047257137501884,
      2.0739685086062224e-07,
      0.4952740788529609
    ],
    [
      0.7217702068190057,
      0.12300043982714227,
      0.15522935335385207
    ]
  ],
  "A": [
    [
      [
        0.9642777297811533,
        0.03571224939164204,
        1.0020827204536804e-05
      ],
      [
        0.9858530876017408,
        0.014118573447313392,
        2.8338950945609155e-05
      ],
      [
        0.9999976975063454,
        9.326133164629115e-07,
        1.3698803382644874e-06
      ]
    ],
    [
      [
        0.7976285046804955,
        0.1858260675378117,
        0.016545427781692722
      ],
      [
        0.0170889025792762,
        0.9829110955414927,
        1.8792311535603407e-09
      ],
      [
        0.33247639525029,
        0.109621511887427,
        0.557902092862283
      ]
    ],
    [
      [
        0.7671658374338352,
        0.23283416153610917,
        1.0300558932191083e-09
      ],
      [
        0.6651198778394855,
        0.33488011955502556,
        2.6054890238366238e-09
      ],
      [
        0.027977182597871585,
        7.284658224576764e-08,
        0.9720227445555462
      ]
    ]
  ],
  "kappaS": {
    "0.06": 1.4496174393353047,
    "0.12": 3.7929063495085296,
    "0.24": 14.775669200709153
  },
  "kappaP": {
    "80": 1e-06,
    "40": 8.62750965618221,
    "20": 7.840998500922858,
    "10": 9.86646231184718
  }
}