{
  "initial_prob": [
    0.7399870250918967,
    0.26001290012747724,
    7.478062593652461e-08
  ],
  "transition_matrix": [
    [
      0.6193491224058292,
      0.32678691673737076,
      0.053863960856800085
    ],
    [
      0.30578949218803375,
      0.6942105013953431,
      6.416623061176e-09
    ],
    [
      0.30356654959003143,
      1.7068526171614765e-08,
      0.6964334333414424
    ]
  ],
  "kappaS": {
    "0.06": 1.9833784716045377,
    "0.12": 4.0886737660945,
    "0.24": 9.180760210168973
  },
  "kappaP": {
    "80": 0.32340857143886237,
    "40": 9.08145084064413,
    "20": 25.237017036385016,
    "10": 30.913335003198643
  }
}