{
  "rho": [
    0.5050979454089504,
    0.28571430753978166,
    0.20918774705126802
  ],
  "pi": [
    [
      0.5723179293623057,
      2.4908867034758607e-07,
      0.42768182154902384
    ],
    [
      0.6704837278990805,
      9.638749688537982e-07,
      0.3295153082259506
    ],
    [
      0.34562113506023484,
      7.434836610741578e-07,
      0.654378121456104
    ]
  ],
  "A": [
    [
      [
        0.8231956483260604,
        0.17680434203535242,
        9.638587142374253e-09
      ],
      [
        0.7467759732297767,
        0.2532239892899779,
        3.7480245438214306e-08
      ],
      [
        0.999998305210928,
        5.058153260899709e-07,
        1.188973745898952e-06
      ]
    ],
    [
      [
        0.7243857670899606,
        0.2381396380233495,
        0.037474594886689847
      ],
      [
        0.007310322277474315,
        0.992689676109549,
        1.6129768108543064e-09
      ],
      [
        0.3061242456257334,
        2.870438701520584e-07,
        0.6938754673303965
      ]
    ],
    [
      [
        0.993192595892491,
        0.006807400040141491,
        4.067367519645856e-09
      ],
      [
        0.29133178712753866,
        0.7086680520582902,
        1.6081417120887002e-07
      ],
      [
        0.04800874409146003,
        6.442691149284597e-08,
        0.9519911914816285
      ]
    ]
  ],
  "kappaS": {
    "0.06": 1.1903894467321212,
    "0.12": 2.7847253522878166,
    "0.24": 11.016871814203483
  },
  "kappaP": {
    "80": 1e-06,
    "40": 4.7824277835814355,
    "20": 7.612819608522992,
    "10": 9.48446771953442
  }
}