{
  "subject_id": 10,
  "original_n_trials": 6045,
  "removed_missing_trials": 1,
  "valid_n_trials": 6044,
  "original_n_blocks": 29,
  "n_segments": 28,
  "converged": false,
  "n_iterations": 600,
  "initial_log_likelihood": -6638.741459990229,
  "final_log_likelihood": -6170.839704458565,
  "log_likelihood_improvement": 467.9017555316632,
  "likelihood_monotonic": true,
  "maximum_likelihood_drop": 0.0,
  "sensory_weight": 0.4497740085827535,
  "prior_weight": 0.44633501342775955,
  "lapse_weight": 0.10389097798948778,
  "min_transition_probability": 0.010222365316461883,
  "max_transition_probability": 0.9666097818666172,
  "kappa_s_6": 1.1356637766992468,
  "kappa_s_12": 2.6624187073429737,
  "kappa_s_24": 8.370984175902155,
  "kappa_p_10": 17.545675165674083,
  "kappa_p_20": 16.122041923949766,
  "kappa_p_40": 7.500723754942819,
  "kappa_p_80": 0.3968898410925019,
  "has_nan": false,
  "has_inf": false,
  "reached_max_iter": true,
  "state_collapse_flag": false,
  "lapse_near_zero_flag": false,
  "transition_near_smoothing_floor_flag": false,
  "pi": [
    0.80466287117736,
    0.07288930720877955,
    0.12244782161386038
  ],
  "transition_matrix": [
    [
      0.8001563580732673,
      0.015451214172285605,
      0.18439242775444706
    ],
    [
      0.010222365316461883,
      0.9666097818666172,
      0.023167852816920947
    ],
    [
      0.8019504981621491,
      0.0972886958102124,
      0.10076080602763848
    ]
  ],
  "sensory_kappas": {
    "0.06": 1.1356637766992468,
    "0.12": 2.6624187073429737,
    "0.24": 8.370984175902155
  },
  "prior_kappas": {
    "80": 0.3968898410925019,
    "40": 7.500723754942819,
    "20": 16.122041923949766,
    "10": 17.545675165674083
  },
  "training_settings": {
    "max_iter": 600,
    "tol": 1e-06,
    "transition_smoothing": 1e-06,
    "update_pi": true,
    "update_kappa": true,
    "random_seed": 20260717,
    "initial_pi": [
      0.6,
      0.35,
      0.05
    ],
    "initial_transition_matrix": [
      [
        0.8,
        0.15,
        0.05
      ],
      [
        0.15,
        0.8,
        0.05
      ],
      [
        0.4,
        0.4,
        0.2
      ]
    ],
    "initial_sensory_kappas": {
      "0.06": 1.5,
      "0.12": 4.5,
      "0.24": 20.0
    },
    "initial_prior_kappas": {
      "80": 0.5,
      "40": 1.0,
      "20": 6.0,
      "10": 30.0
    },
    "likelihood_drop_tolerance": 1e-08,
    "kappa_lower_bound": 1e-06,
    "kappa_upper_bound": 500.0
  }
}