{
  "rho": [
    0.3648045711760984,
    0.3588573922397878,
    0.27633803658411393
  ],
  "pi": [
    [
      0.5406050030528311,
      0.45939474544875136,
      2.514984174140879e-07
    ],
    [
      0.9924477884594775,
      0.007551780500224278,
      4.310402981269294e-07
    ],
    [
      0.7009719447610074,
      2.948397623002726e-07,
      0.29902776039923035
    ]
  ],
  "A": [
    [
      [
        0.9858600913616742,
        0.01003525004020294,
        0.004104658598122941
      ],
      [
        0.9999984229373323,
        7.165372586875071e-07,
        8.605254091847707e-07
      ],
      [
        0.003741362660227661,
        0.6604569838805674,
        0.33580165345920493
      ]
    ],
    [
      [
        0.7738910657600675,
        0.22610893046558544,
        3.774347135394265e-09
      ],
      [
        0.778063074367764,
        0.22193691298715415,
        1.264508182084396e-08
      ],
      [
        0.3890570725576757,
        0.36460625659184503,
        0.24633667085047908
      ]
    ],
    [
      [
        0.8569516059316715,
        7.977428955846294e-09,
        0.14304838609089962
      ],
      [
        0.002145155188244323,
        0.0011183769618976019,
        0.9967364678498581
      ],
      [
        0.9999650013576119,
        3.4927151601124686e-05,
        7.149078680041495e-08
      ]
    ]
  ],
  "kappaS": {
    "0.06": 1.5499731961862775,
    "0.12": 3.7020271753550307,
    "0.24": 9.113225836212244
  },
  "kappaP": {
    "80": 1.3792046721731985,
    "40": 1.8241449088530215,
    "20": 2.996070364263162,
    "10": 63.191107918006864
  }
}