{
  "subject_id": 4,
  "fold_id": 4,
  "n_train_trials": 3762,
  "n_test_trials": 1037,
  "converged": false,
  "n_iterations": 300,
  "train_ll": -2858.1024643979517,
  "test_total_ll": -721.9938190239727,
  "test_ll_per_trial": -0.6962331909585079,
  "monotonic": true
}