{
  "rho": [
    0.4996861527914906,
    0.33333333329146325,
    0.16698051391704608
  ],
  "pi": [
    [
      0.49249187924177656,
      0.5075077334315843,
      3.873266391691273e-07
    ],
    [
      2.403219538022593e-07,
      0.999999581492187,
      1.7818585905369106e-07
    ],
    [
      5.036809829044901e-07,
      0.6108408701312151,
      0.38915862618780195
    ]
  ],
  "A": [
    [
      [
        0.8005391477856836,
        0.10903440043004889,
        0.09042645178426759
      ],
      [
        0.5060069029729671,
        0.4939930718991089,
        2.512792392729779e-08
      ],
      [
        0.8103917090405124,
        0.0004699207543159718,
        0.1891383702051717
      ]
    ],
    [
      [
        0.6467980660094362,
        0.35320191917549326,
        1.4815070587880806e-08
      ],
      [
        0.040754939091879064,
        0.9592450595836437,
        1.3244772617282083e-09
      ],
      [
        0.3481429851082991,
        0.4021879505707315,
        0.24966906432096939
      ]
    ],
    [
      [
        0.44957022776409106,
        0.4999753565948877,
        0.050454415641021315
      ],
      [
        0.4762638637202935,
        0.5170936880131777,
        0.006642448266528848
      ],
      [
        0.6225034061235292,
        0.21160752240506744,
        0.16588907147140333
      ]
    ]
  ],
  "kappaS": {
    "0.06": 1.7778915161521847,
    "0.12": 5.0171502633709295,
    "0.24": 10.934597488496157
  },
  "kappaP": {
    "80": 7.521372074830631,
    "40": 11.229128331185995,
    "20": 13.016663356653995,
    "10": 23.22199382918183
  }
}