{
  "rho": [
    0.5640127842444785,
    0.2340394882451123,
    0.2019477275104092
  ],
  "pi": [
    [
      0.621710968128419,
      0.3782889268678557,
      1.0500372517957833e-07
    ],
    [
      2.4023466219126517e-07,
      0.5524907123148979,
      0.44750904745043985
    ],
    [
      0.297705237705693,
      0.5030773213668028,
      0.19921744092750404
    ]
  ],
  "A": [
    [
      [
        0.8445247693475326,
        0.13376960121153464,
        0.02170562944093264
      ],
      [
        0.8113790502168429,
        0.18862093293470922,
        1.684844794573849e-08
      ],
      [
        0.8934960146553824,
        1.1044654852885645e-05,
        0.1064929406897646
      ]
    ],
    [
      [
        0.739827597613025,
        0.26017239957843624,
        2.808538946717779e-09
      ],
      [
        0.13617344877733872,
        0.8638265489743299,
        2.2483314152021803e-09
      ],
      [
        2.840189322392056e-07,
        0.749386721248506,
        0.2506129947325617
      ]
    ],
    [
      [
        0.7303077396736932,
        0.26969225837254235,
        1.953764270094016e-09
      ],
      [
        0.4792627920137328,
        0.5207372046257346,
        3.3605326831155614e-09
      ],
      [
        1.6223925668474868e-06,
        0.9999972316427979,
        1.145964635099265e-06
      ]
    ]
  ],
  "kappaS": {
    "0.06": 4.808690725745284,
    "0.12": 11.0178230023109,
    "0.24": 27.99574910633938
  },
  "kappaP": {
    "80": 1.194005563933646,
    "40": 29.369288414066396,
    "20": 33.270111103376365,
    "10": 75.01724228463496
  }
}