{
  "rho": [
    0.5213070159302288,
    0.3478260850490629,
    0.13086689902070825
  ],
  "pi": [
    [
      0.30775452635756284,
      0.692244590806541,
      8.828358960647082e-07
    ],
    [
      1.9745105183889533e-07,
      0.9999996685958085,
      1.3395313974557085e-07
    ],
    [
      4.835140663030238e-07,
      0.6156886300174643,
      0.3843108864684693
    ]
  ],
  "A": [
    [
      [
        0.8031220629248026,
        0.11974972395192729,
        0.07712821312327019
      ],
      [
        0.6304174497805918,
        0.3695824733775767,
        7.68418316292514e-08
      ],
      [
        0.7259921588396465,
        0.06931892050317329,
        0.20468892065718025
      ]
    ],
    [
      [
        0.6176162322473745,
        0.38238375276546205,
        1.4987163339152336e-08
      ],
      [
        0.03217120509637909,
        0.967828793867209,
        1.0364119990517199e-09
      ],
      [
        0.34899563135352274,
        0.40611758648168517,
        0.244886782164792
      ]
    ],
    [
      [
        0.44773861605864934,
        0.5010081423520606,
        0.05125324158929024
      ],
      [
        0.4848972518125378,
        0.5077149284476726,
        0.007387819739789711
      ],
      [
        0.6298706306928195,
        0.1905348843572259,
        0.17959448494995472
      ]
    ]
  ],
  "kappaS": {
    "0.06": 1.7544934839312596,
    "0.12": 4.989551316546702,
    "0.24": 10.886053976934194
  },
  "kappaP": {
    "80": 9.267985237898065,
    "40": 10.856249254109876,
    "20": 12.94394967922905,
    "10": 21.1637929874356
  }
}