{
  "kappaS": {
    "0.06": 3.31674175738639,
    "0.12": 10.887263464552394,
    "0.24": 28.68514786504288
  },
  "kappaP": {
    "80": 55.399862576898386,
    "40": 35.13792804800847,
    "20": 30.319624573172938,
    "10": 35.23565340430229
  },
  "weights": [
    0.6,
    0.35,
    0.05
  ],
  "rho": [
    0.39486657179267265,
    0.27272750086707787,
    0.3324059273402495
  ],
  "class_weights": [
    [
      0.8392398705762791,
      0.09423037509600683,
      0.0665297543277139
    ],
    [
      0.1870954749295956,
      0.8129045245157513,
      5.546529820257108e-10
    ],
    [
      0.6913490840619478,
      0.3065206368986864,
      0.0021302790393655747
    ]
  ]
}