{
  "rho": [
    0.30479286139037454,
    0.44520752495237176,
    0.24999961365725376
  ],
  "pi": [
    [
      1.9395893719973026e-06,
      0.6321310137386825,
      0.36786704667194536
    ],
    [
      3.251369608726391e-07,
      0.714651689551268,
      0.285347985311771
    ],
    [
      5.362792413383296e-07,
      0.30538552741789726,
      0.6946139363028613
    ]
  ],
  "A": [
    [
      [
        0.753987875076017,
        0.09597664769077532,
        0.1500354772332078
      ],
      [
        0.15584731941801247,
        0.8441526515367883,
        2.9045199228748835e-08
      ],
      [
        0.7604368971095257,
        0.07165769026737327,
        0.16790541262310102
      ]
    ],
    [
      [
        0.29868806039635065,
        0.701311931661043,
        7.942606317203763e-09
      ],
      [
        0.33201238663906,
        0.6679876075024916,
        5.858448160005454e-09
      ],
      [
        1.0789526392697101e-06,
        0.9999983979557615,
        5.230915992504921e-07
      ]
    ],
    [
      [
        0.3629114014894719,
        9.856876810706487e-09,
        0.6370885886536514
      ],
      [
        3.188627032264838e-06,
        1.2909646942625627e-06,
        0.9999955204082734
      ],
      [
        0.5535927875457436,
        1.4999358247685794e-08,
        0.44640719745489804
      ]
    ]
  ],
  "kappaS": {
    "0.06": 1.440503721148232,
    "0.12": 4.178993783131086,
    "0.24": 10.921820431849529
  },
  "kappaP": {
    "80": 2.3749540653287022,
    "40": 4.2250891838211695,
    "20": 4.452967988115608,
    "10": 8.91957878276358
  }
}