{
  "rho": [
    0.3892542102409183,
    0.2727274351786513,
    0.33801835458043045
  ],
  "pi": [
    [
      0.8673312637144016,
      1.4725853931113273e-07,
      0.13266858902705908
    ],
    [
      0.8718943285844218,
      0.03248978098877071,
      0.09561589042680749
    ],
    [
      0.47403383031246066,
      0.43240246908830937,
      0.09356370059923005
    ]
  ],
  "A": [
    [
      [
        0.8415882685928668,
        0.08736089166010191,
        0.07105083974703116
      ],
      [
        0.7754009908293722,
        0.17265727077979154,
        0.05194173839083646
      ],
      [
        0.897305076523242,
        0.05773715782619426,
        0.044957765650563836
      ]
    ],
    [
      [
        0.25203435249291295,
        0.747965644535002,
        2.972085081836829e-09
      ],
      [
        0.16109480190702116,
        0.8389051974391672,
        6.538117426019582e-10
      ],
      [
        0.9999955367013471,
        3.2751289348027356e-06,
        1.1881697181496925e-06
      ]
    ],
    [
      [
        0.7067329241814327,
        0.28920881226206874,
        0.004058263556498296
      ],
      [
        0.6692121143620446,
        0.3307878828700939,
        2.767861538428097e-09
      ],
      [
        0.24918743959240214,
        0.6525301580908704,
        0.09828240231672744
      ]
    ]
  ],
  "kappaS": {
    "0.06": 3.331404353601363,
    "0.12": 10.88545680145811,
    "0.24": 28.653526976135897
  },
  "kappaP": {
    "80": 56.77257029855402,
    "40": 36.75668074974314,
    "20": 30.431644274570488,
    "10": 34.70244319963437
  }
}