{
  "rho": [
    0.5714548063588372,
    0.42854514602212196,
    4.761904084825479e-08
  ],
  "pi": [
    [
      0.47319884242919,
      0.3191523187808028,
      0.20764883879000726
    ],
    [
      9.876287451735535e-07,
      0.5772664854298598,
      0.4227325269413951
    ],
    [
      0.33333333333036985,
      0.3333333333827709,
      0.33333333328685916
    ]
  ],
  "A": [
    [
      [
        0.8694057620668628,
        0.12949369339998423,
        0.001100544533152922
      ],
      [
        0.8962147527893776,
        0.03729435143434466,
        0.06649089577627783
      ],
      [
        0.896514460482207,
        5.66826056374637e-07,
        0.1034849726917367
      ]
    ],
    [
      [
        0.6531287275577939,
        0.34687126125567885,
        1.11865271533004e-08
      ],
      [
        0.08547515483595186,
        0.9121123793317945,
        0.0024124658322537693
      ],
      [
        0.816635433964315,
        3.536985891934393e-07,
        0.1833642123370959
      ]
    ],
    [
      [
        0.33333333441156254,
        0.3333333347998114,
        0.33333333078862604
      ],
      [
        0.33333333440812535,
        0.33333333537371773,
        0.3333333302181569
      ],
      [
        0.33333333405323634,
        0.33333333375859847,
        0.33333333218816513
      ]
    ]
  ],
  "kappaS": {
    "0.06": 2.2846900102045558,
    "0.12": 6.973383058988192,
    "0.24": 17.735474283976668
  },
  "kappaP": {
    "80": 1.2101312791635652,
    "40": 7.757040857215047,
    "20": 13.585042466193912,
    "10": 30.78728066208862
  }
}