{
  "rho": [
    0.17958492614558588,
    0.42771157932407416,
    0.39270349453034
  ],
  "pi": [
    [
      4.5086593117287405e-07,
      0.9999993278726178,
      2.212614508382929e-07
    ],
    [
      1.1094403583551984e-07,
      0.9999998041946963,
      8.486126776947456e-08
    ],
    [
      0.19875800652941772,
      0.8012391614521348,
      2.832018447517241e-06
    ]
  ],
  "A": [
    [
      [
        0.45547056623386045,
        0.5280486690447697,
        0.01648076472136979
      ],
      [
        0.4125151476113102,
        0.5793554288297166,
        0.008129423558973283
      ],
      [
        0.5343943985752999,
        0.26003363055693607,
        0.20557197086776405
      ]
    ],
    [
      [
        0.6573810994019383,
        0.3426188882624419,
        1.2335619827299852e-08
      ],
      [
        0.07848886191917226,
        0.9199157220750208,
        0.0015954160058070366
      ],
      [
        0.2619220588695698,
        8.323646907108445e-07,
        0.7380771087657394
      ]
    ],
    [
      [
        0.41026698118571014,
        0.40989974347607555,
        0.17983327533821417
      ],
      [
        0.34553687699751207,
        0.5050873369224621,
        0.14937578608002583
      ],
      [
        0.2845423940059212,
        0.31760594992589203,
        0.3978516560681868
      ]
    ]
  ],
  "kappaS": {
    "0.06": 3.0128837656625964,
    "0.12": 5.8031216941085475,
    "0.24": 13.521169356268587
  },
  "kappaP": {
    "80": 21.98037611449701,
    "40": 11.549387653725029,
    "20": 27.75960862189675,
    "10": 59.31003285021856
  }
}