{
  "subject_id": 5,
  "fold_id": 1,
  "n_train_trials": 4062,
  "n_test_trials": 1727,
  "converged": false,
  "n_iterations": 300,
  "train_ll": -5253.610500220212,
  "test_total_ll": -2089.583951093578,
  "test_ll_per_trial": -1.2099501743448628,
  "monotonic": true
}