{
  "rho": [
    0.6796567594166184,
    5.2990289960722275e-08,
    0.3203431875930917
  ],
  "pi": [
    [
      0.7545252288799882,
      0.24547458520987744,
      1.8591013434679534e-07
    ],
    [
      0.3343662643406154,
      0.33281686794914167,
      0.3328168677102428
    ],
    [
      0.9999990767329273,
      5.996047881056485e-07,
      3.2366228440461366e-07
    ]
  ],
  "A": [
    [
      [
        0.9054381812726333,
        0.09456181564999973,
        3.0773668617342865e-09
      ],
      [
        0.9930647082763908,
        0.006935265760817148,
        2.596279209817694e-08
      ],
      [
        0.4692929929219215,
        0.27763232038990404,
        0.25307468668817446
      ]
    ],
    [
      [
        0.3443065910098483,
        0.32784670339430194,
        0.32784670559584966
      ],
      [
        0.3390374799810113,
        0.33048125772009646,
        0.33048126229889224
      ],
      [
        0.3390374771043794,
        0.3304812591584624,
        0.3304812637371582
      ]
    ],
    [
      [
        0.8163915663062815,
        9.246630559696786e-09,
        0.18360842444708791
      ],
      [
        0.4096999991379346,
        0.26956982001680885,
        0.3207301808452568
      ],
      [
        0.46618035265266367,
        2.2880007042030274e-08,
        0.5338196244673293
      ]
    ]
  ],
  "kappaS": {
    "0.06": 1.1433809553521828,
    "0.12": 3.632836453261235,
    "0.24": 9.607155776875931
  },
  "kappaP": {
    "80": 0.4313158299892551,
    "40": 0.8018420976879823,
    "20": 1e-06,
    "10": 84.99643696890023
  }
}