{
  "rho": [
    0.279418144928056,
    0.34285945676527146,
    0.37772239830667265
  ],
  "pi": [
    [
      0.9999995812480821,
      1.6623930623035893e-07,
      2.525126114777798e-07
    ],
    [
      0.6495509127146935,
      1.1566365420741837e-07,
      0.35044897162165245
    ],
    [
      0.7155265560107575,
      1.261301827524668e-06,
      0.284472182687415
    ]
  ],
  "A": [
    [
      [
        0.9814877926543734,
        0.004613073119210416,
        0.013899134226416
      ],
      [
        0.42571316898935974,
        0.5742848640051197,
        1.967005520534738e-06
      ],
      [
        0.9999984862471314,
        1.2927519610331512e-06,
        2.2100090761857131e-07
      ]
    ],
    [
      [
        0.8237915445454507,
        0.16313101121138893,
        0.013077444243160374
      ],
      [
        0.010285721764094823,
        0.9897142770460468,
        1.1898581509211976e-09
      ],
      [
        0.30754346504752395,
        0.1471845747140579,
        0.5452719602384182
      ]
    ],
    [
      [
        0.7920501895943048,
        0.20794980888451972,
        1.5211755349562967e-09
      ],
      [
        0.648016853012028,
        0.35198314381912993,
        3.1688420433278183e-09
      ],
      [
        0.07143852994108886,
        1.4058828970684582e-07,
        0.9285613294706214
      ]
    ]
  ],
  "kappaS": {
    "0.06": 1.3402038253770525,
    "0.12": 3.587202439919794,
    "0.24": 14.587533253908717
  },
  "kappaP": {
    "80": 1e-06,
    "40": 6.612941667400579,
    "20": 8.191040091247634,
    "10": 10.79438891856112
  }
}