{
  "rho": [
    0.5188960726747387,
    0.4404402889298164,
    0.040663638395445026
  ],
  "pi": [
    [
      0.6396597962396918,
      0.36033916362322105,
      1.040137087141059e-06
    ],
    [
      0.4757710271875509,
      0.06180436929406128,
      0.46242460351838804
    ],
    [
      0.9999971561867488,
      1.5238040463416145e-06,
      1.320009204901725e-06
    ]
  ],
  "A": [
    [
      [
        0.9490342649971611,
        0.037023148054595195,
        0.013942586948243596
      ],
      [
        0.9135149955025562,
        0.08648491547118471,
        8.90262589693759e-08
      ],
      [
        0.7884371561534907,
        6.22753786934662e-06,
        0.2115566163086398
      ]
    ],
    [
      [
        0.8412460561353636,
        0.1481914463649605,
        0.010562497499675867
      ],
      [
        0.0670463673241846,
        0.9225834034803535,
        0.010370229195461933
      ],
      [
        0.3788831354277525,
        0.6211166767624499,
        1.8780979776258396e-07
      ]
    ],
    [
      [
        0.7687522011252254,
        1.4360709030150146e-08,
        0.23124778451406566
      ],
      [
        0.4480838556505775,
        0.25683883371080934,
        0.29507731063861314
      ],
      [
        0.6819660648195245,
        5.7580435708970474e-08,
        0.3180338776000397
      ]
    ]
  ],
  "kappaS": {
    "0.06": 1.4716671245810984,
    "0.12": 3.914879946255932,
    "0.24": 16.282592652860174
  },
  "kappaP": {
    "80": 1e-06,
    "40": 8.987881673321985,
    "20": 13.266193441852815,
    "10": 21.73921147132256
  }
}