{
  "rho": [
    0.3113833357857624,
    0.31891713653587467,
    0.36969952767836295
  ],
  "pi": [
    [
      0.7275377525247008,
      0.2724620397852213,
      2.076900778458051e-07
    ],
    [
      0.32759815203795795,
      0.3697525745572957,
      0.30264927340474634
    ],
    [
      0.2952087756624456,
      0.7047910381425673,
      1.861949871796027e-07
    ]
  ],
  "A": [
    [
      [
        0.9314743332939469,
        0.004138356933400808,
        0.06438730977265224
      ],
      [
        0.1263630387785033,
        0.7428967039322774,
        0.1307402572892193
      ],
      [
        0.8599380059678557,
        0.0005524351113513333,
        0.1395095589207929
      ]
    ],
    [
      [
        0.6889907287615943,
        0.3110092648559811,
        6.38242460606098e-09
      ],
      [
        0.12326953471213854,
        0.87673046325109,
        2.036771232092537e-09
      ],
      [
        0.9999979302746498,
        1.1109400321677104e-06,
        9.58785318099909e-07
      ]
    ],
    [
      [
        0.7057440985549385,
        0.2361244542453203,
        0.05813144719974116
      ],
      [
        0.7468132787752979,
        0.25318617757200074,
        5.436527013381536e-07
      ],
      [
        0.7586091966866436,
        0.08740701595523928,
        0.15398378735811716
      ]
    ]
  ],
  "kappaS": {
    "0.06": 1.7621206287343745,
    "0.12": 5.230976351548518,
    "0.24": 16.668111580961472
  },
  "kappaP": {
    "80": 8.61567774122096,
    "40": 10.49626002866743,
    "20": 10.197404965313716,
    "10": 11.518953715688175
  }
}