{
  "rho": [
    0.37673292357051263,
    0.25000018990696554,
    0.3732668865225218
  ],
  "pi": [
    [
      0.9598589186832266,
      9.851383567913593e-08,
      0.040140982802937736
    ],
    [
      0.8679116911307702,
      5.44278557607952e-07,
      0.13208776459067223
    ],
    [
      0.6383005007277404,
      0.3616993746760204,
      1.2459623932822554e-07
    ]
  ],
  "A": [
    [
      [
        0.8321019930414262,
        0.09072027472387476,
        0.07717773223469906
      ],
      [
        0.7267508262907008,
        0.22531514857970403,
        0.047934025129595235
      ],
      [
        0.9399657791059113,
        0.03346496890125101,
        0.026569251992837734
      ]
    ],
    [
      [
        0.2638469086957161,
        0.7361530873369092,
        3.967374764243991e-09
      ],
      [
        0.19176761590031688,
        0.8082323830496441,
        1.050039065255174e-09
      ],
      [
        0.99999729563668,
        1.434127582972989e-06,
        1.270235737070196e-06
      ]
    ],
    [
      [
        0.7010335298308578,
        0.2954494598685778,
        0.0035170103005644385
      ],
      [
        0.6739312459953533,
        0.32606875163038074,
        2.3742659947768295e-09
      ],
      [
        0.4409987960870167,
        0.439490242750401,
        0.11951096116258235
      ]
    ]
  ],
  "kappaS": {
    "0.06": 3.350090456337977,
    "0.12": 11.009547159873602,
    "0.24": 29.040895718277234
  },
  "kappaP": {
    "80": 51.45540732663538,
    "40": 34.018439415768626,
    "20": 35.182230499543955,
    "10": 37.97269313386082
  }
}