{
  "rho": [
    0.4992478278218003,
    0.39999896857957434,
    0.10075320359862529
  ],
  "pi": [
    [
      0.7619504554258719,
      0.23804919971180416,
      3.4486232390048585e-07
    ],
    [
      9.508252593346519e-07,
      0.4937499095912091,
      0.5062491395835316
    ],
    [
      1.7985503421582136e-06,
      0.9999973662010139,
      8.352486441384515e-07
    ]
  ],
  "A": [
    [
      [
        0.8902289182840621,
        0.09241983591864546,
        0.017351245797292376
      ],
      [
        0.7597987350623812,
        0.15258235340511878,
        0.08761891153250002
      ],
      [
        0.9999996057305376,
        2.9262670444856335e-07,
        1.0164275791770134e-07
      ]
    ],
    [
      [
        0.5269864796776408,
        0.4730135126988419,
        7.623517137094776e-09
      ],
      [
        0.09179947845817371,
        0.9072054431122997,
        0.0009950784295265636
      ],
      [
        0.686079084823036,
        4.1102751211181065e-07,
        0.3139205041494519
      ]
    ],
    [
      [
        0.4934576660174652,
        0.3299971545718571,
        0.1765451794106778
      ],
      [
        0.34060069811608856,
        0.6424472512023404,
        0.01695205068157092
      ],
      [
        0.7424627145297757,
        0.023324220159842736,
        0.23421306531038144
      ]
    ]
  ],
  "kappaS": {
    "0.06": 2.190293928237416,
    "0.12": 7.284263160200693,
    "0.24": 18.10701907348871
  },
  "kappaP": {
    "80": 1.848532348078781,
    "40": 16.908626717139846,
    "20": 14.877157248400344,
    "10": 37.24197316829539
  }
}