{
  "rho": [
    0.30426250563509516,
    0.47848189521074563,
    0.2172555991541591
  ],
  "pi": [
    [
      0.9999994074942624,
      3.783017862978046e-07,
      2.1420395134121686e-07
    ],
    [
      0.9281250082770532,
      0.07187485730945646,
      1.3441349035900907e-07
    ],
    [
      0.31535941827051756,
      0.07422280439452421,
      0.6104177773349581
    ]
  ],
  "A": [
    [
      [
        0.7401889604851474,
        0.2545738181567809,
        0.005237221358071676
      ],
      [
        0.7393049995635819,
        0.23269168738098392,
        0.028003313055434128
      ],
      [
        0.9999971813470634,
        1.6957816199898775e-06,
        1.1228713168024928e-06
      ]
    ],
    [
      [
        0.8798366181323344,
        0.04439307613096609,
        0.0757703057366996
      ],
      [
        0.007900052175147798,
        0.9579481151594829,
        0.03415183266536934
      ],
      [
        0.374764412405507,
        0.6252355313787245,
        5.621576839019443e-08
      ]
    ],
    [
      [
        0.6365987383834751,
        0.0044531499065875784,
        0.35894811170993735
      ],
      [
        0.20072673566023777,
        0.7840410817543949,
        0.015232182585367116
      ],
      [
        0.45758488896443655,
        0.018706415868140557,
        0.5237086951674229
      ]
    ]
  ],
  "kappaS": {
    "0.06": 1.2320330881541255,
    "0.12": 2.8342696834103775,
    "0.24": 7.847070029338429
  },
  "kappaP": {
    "80": 0.5026864827142905,
    "40": 7.74442028707577,
    "20": 15.066719346209688,
    "10": 15.890502555621978
  }
}