{
  "rho": [
    0.6494864681772187,
    0.3505134961084996,
    3.5714281887755504e-08
  ],
  "pi": [
    [
      0.41618663026196945,
      0.5021761884013242,
      0.0816371813367064
    ],
    [
      1.9348442411107102e-07,
      0.7779138537619527,
      0.22208595275362333
    ],
    [
      0.3333333333333333,
      0.3333333333333333,
      0.3333333333333333
    ]
  ],
  "A": [
    [
      [
        0.8177048014358091,
        0.17820522104641212,
        0.0040899775177786705
      ],
      [
        0.7763271810771126,
        0.22367280436125886,
        1.4561628558453452e-08
      ],
      [
        0.456320282827332,
        8.695405353726136e-07,
        0.5436788476321326
      ]
    ],
    [
      [
        0.8545037952030536,
        0.14549620320847728,
        1.5884691713822585e-09
      ],
      [
        0.13053185340539364,
        0.8694681453540843,
        1.240521831260116e-09
      ],
      [
        1.7009126480298332e-06,
        0.9999978123399049,
        4.86747447102206e-07
      ]
    ],
    [
      [
        0.3333333333333333,
        0.3333333333333333,
        0.3333333333333333
      ],
      [
        0.3333333333333333,
        0.3333333333333333,
        0.33333333333333326
      ],
      [
        0.3333333333333333,
        0.33333333333333326,
        0.33333333333333326
      ]
    ]
  ],
  "kappaS": {
    "0.06": 5.541276541319911,
    "0.12": 12.583614517522518,
    "0.24": 31.737228057964415
  },
  "kappaP": {
    "80": 1.2253946284937114,
    "40": 10.914030494329007,
    "20": 38.77176609470651,
    "10": 81.88456282225937
  }
}