{
  "subject_id": 5,
  "split_id": 4,
  "n_train_trials": 4710,
  "n_test_trials": 1079,
  "converged": false,
  "n_iterations": 300,
  "train_ll": -5861.897784013252,
  "test_total_ll": -1466.3079409667139,
  "test_ll_per_trial": -1.3589508257337477,
  "monotonic": true
}