{
  "rho": [
    0.6839683260605245,
    4.545453931859579e-08,
    0.31603162848493604
  ],
  "pi": [
    [
      0.9856075693709138,
      0.01439233197780014,
      9.865128611733272e-08
    ],
    [
      0.3333333333539844,
      0.3333333332568229,
      0.3333333333891925
    ],
    [
      0.9999340854457359,
      5.118389546135665e-07,
      6.54027153094699e-05
    ]
  ],
  "A": [
    [
      [
        0.9147015004724836,
        0.08529849778354154,
        1.74397477410336e-09
      ],
      [
        0.9448674432612809,
        0.055132540512995425,
        1.6225723602759544e-08
      ],
      [
        0.43315680361511605,
        0.3279076197122554,
        0.2389355766726286
      ]
    ],
    [
      [
        0.33333333500856,
        0.3333333311994198,
        0.3333333337920201
      ],
      [
        0.33333333461333386,
        0.33333333183487884,
        0.33333333355178707
      ],
      [
        0.3333333342242862,
        0.3333333309588253,
        0.3333333348168885
      ]
    ],
    [
      [
        0.8501525851013828,
        4.156537421710923e-09,
        0.14984741074207966
      ],
      [
        0.5201885095445452,
        0.1975147636238754,
        0.2822967268315794
      ],
      [
        0.4337389684956209,
        1.0609556186943921e-08,
        0.5662610208948229
      ]
    ]
  ],
  "kappaS": {
    "0.06": 1.3105179167773613,
    "0.12": 3.7366565756753425,
    "0.24": 9.199737768217346
  },
  "kappaP": {
    "80": 0.42940672334555113,
    "40": 1.1994831447456011,
    "20": 2.5546191760433286,
    "10": 99.29289833493344
  }
}