{
  "rho": [
    0.26518739734902236,
    0.3564292666242974,
    0.37838333602668023
  ],
  "pi": [
    [
      1.7548894812133889e-07,
      0.9999997106720292,
      1.1383902248088165e-07
    ],
    [
      0.08514345471686549,
      0.9148564587267197,
      8.655641484311509e-08
    ],
    [
      0.16054603413932445,
      0.8394536635106491,
      3.0235002646914385e-07
    ]
  ],
  "A": [
    [
      [
        0.49965321674221136,
        0.5001900955024083,
        0.0001566877553802646
      ],
      [
        0.2671392554893676,
        0.7328607412602427,
        3.2503895948393213e-09
      ],
      [
        5.352155565452839e-05,
        0.9999160920383711,
        3.0386405974364623e-05
      ]
    ],
    [
      [
        0.773534186495241,
        0.2264657781936108,
        3.531114817974431e-08
      ],
      [
        0.03324145328691662,
        0.9633165359646814,
        0.0034420107484019226
      ],
      [
        0.3883932797905584,
        1.1980021435110615e-07,
        0.6116066004092272
      ]
    ],
    [
      [
        0.46116852615702686,
        0.356038255945529,
        0.182793217897444
      ],
      [
        0.33399618924626145,
        0.5411744042209149,
        0.12482940653282369
      ],
      [
        0.28822672404076033,
        0.26248698575391516,
        0.44928629020532457
      ]
    ]
  ],
  "kappaS": {
    "0.06": 2.654054401332017,
    "0.12": 5.127439429447923,
    "0.24": 13.460101666066299
  },
  "kappaP": {
    "80": 22.386892834578205,
    "40": 10.263228769036543,
    "20": 27.632850936009916,
    "10": 63.18185939076999
  }
}