{
  "subject_id": 8,
  "fold_id": 3,
  "n_train_trials": 4283,
  "n_test_trials": 1514,
  "converged": false,
  "n_iterations": 300,
  "train_ll": -5149.891077391192,
  "test_total_ll": -1832.5000733897245,
  "test_ll_per_trial": -1.2103699295837018,
  "monotonic": true
}