{
  "rho": [
    0.44878937366568755,
    0.24997912997958152,
    0.3012314963547309
  ],
  "pi": [
    [
      2.758812827500744e-07,
      0.49828989891701464,
      0.5017098252017027
    ],
    [
      4.055461527126471e-07,
      0.8628340468528054,
      0.13716554760104174
    ],
    [
      3.0844936400373924e-07,
      3.767413265863473e-07,
      0.9999993148093094
    ]
  ],
  "A": [
    [
      [
        0.7366301181837867,
        0.24791749125579945,
        0.015452390560413871
      ],
      [
        0.2946713654447453,
        0.7051576652894286,
        0.00017096926582600876
      ],
      [
        0.20754165072523884,
        0.7924581431516683,
        2.0612309275015007e-07
      ]
    ],
    [
      [
        0.6686807808634261,
        0.3313191102970187,
        1.0883955526685622e-07
      ],
      [
        0.0069154093888087855,
        0.9930845884664428,
        2.1447485136345434e-09
      ],
      [
        2.2128543789925646e-06,
        0.99999589206154,
        1.895084081128383e-06
      ]
    ],
    [
      [
        0.5137315810501855,
        9.33744678861885e-09,
        0.4862684096123678
      ],
      [
        0.317769614117799,
        0.14900658388150484,
        0.5332238020006962
      ],
      [
        0.6759744360543477,
        1.6105696326030596e-08,
        0.32402554783995585
      ]
    ]
  ],
  "kappaS": {
    "0.06": 1.023686962285375,
    "0.12": 2.49496387678139,
    "0.24": 10.962454896972114
  },
  "kappaP": {
    "80": 2.2303343076627042,
    "40": 5.045519676340534,
    "20": 4.000459385474285,
    "10": 8.706048664521067
  }
}