{
  "initial_prob": [
    0.4448813368661299,
    0.4633246013641774,
    0.09179406176969278
  ],
  "transition_matrix": [
    [
      0.8989984950041141,
      0.018907290360792667,
      0.08209421463509313
    ],
    [
      0.01985626102444455,
      0.9801437373510982,
      1.6244573127395242e-09
    ],
    [
      0.9739772649387698,
      2.7941401936301165e-08,
      0.02602270711982826
    ]
  ],
  "kappaS": {
    "0.06": 1.683075494307464,
    "0.12": 4.68248453586764,
    "0.24": 10.880613772676233
  },
  "kappaP": {
    "80": 2.1820093210615306,
    "40": 4.010437501126553,
    "20": 11.087157230503994,
    "10": 17.576536509196167
  }
}