{
  "rho": [
    0.6333328817434172,
    0.18295159701301567,
    0.18371552124356713
  ],
  "pi": [
    [
      0.7974511130355812,
      0.20254880612241066,
      8.084200811219468e-08
    ],
    [
      0.8329743115916577,
      3.818408579322747e-06,
      0.16702186999976293
    ],
    [
      0.00025682206697725277,
      0.6307410671728202,
      0.3690021107602026
    ]
  ],
  "A": [
    [
      [
        0.8501495777534263,
        0.08735526012158701,
        0.06249516212498672
      ],
      [
        0.557820693883548,
        0.3996148079416265,
        0.042564498174825376
      ],
      [
        0.8004706844137868,
        7.956308187733417e-08,
        0.1995292360231313
      ]
    ],
    [
      [
        0.8713887306691949,
        0.1286112530197999,
        1.631100524107829e-08
      ],
      [
        0.038490139145295615,
        0.9615098588670263,
        1.987678079186089e-09
      ],
      [
        0.9999946928236009,
        1.4020230182671389e-06,
        3.905153380864124e-06
      ]
    ],
    [
      [
        0.569667205141245,
        0.4303327872647974,
        7.593957540566778e-09
      ],
      [
        0.20391310043826444,
        0.7960868970662298,
        2.4955058088674098e-09
      ],
      [
        0.9999979336345527,
        9.49611270415114e-07,
        1.1167541769313755e-06
      ]
    ]
  ],
  "kappaS": {
    "0.06": 1.7195718022361375,
    "0.12": 5.464942950483358,
    "0.24": 17.20120921302067
  },
  "kappaP": {
    "80": 10.566174087660475,
    "40": 13.787843610575209,
    "20": 11.741276854930378,
    "10": 11.617172697433276
  }
}