{
  "initial_prob": [
    0.6191225537666655,
    0.33249965763941614,
    0.04837778859391834
  ],
  "transition_matrix": [
    [
      0.9547143637159808,
      0.016629054225387907,
      0.028656582058631298
    ],
    [
      0.027974418464593524,
      0.971519777819049,
      0.0005058037163575795
    ],
    [
      0.9633385582485764,
      1.1119349400618259e-08,
      0.0366614306320742
    ]
  ],
  "kappaS": {
    "0.06": 2.5874369739262297,
    "0.12": 8.867408188150383,
    "0.24": 26.59779027674376
  },
  "kappaP": {
    "80": 55.87334520088316,
    "40": 11.06706076869638,
    "20": 14.005182693444308,
    "10": 26.897043767116315
  }
}