{
  "rho": [
    0.08328194650814258,
    0.4583912204424823,
    0.45832683304937516
  ],
  "pi": [
    [
      5.06837726329721e-07,
      0.9999989006265493,
      5.925357243133118e-07
    ],
    [
      0.4401102505487515,
      0.22798877475641113,
      0.33190097469483754
    ],
    [
      0.29791808661697833,
      0.5353989713823624,
      0.16668294200065936
    ]
  ],
  "A": [
    [
      [
        0.9547319153645693,
        0.01363903765708344,
        0.031629046978347286
      ],
      [
        0.07417081685564139,
        0.9258291595270429,
        2.3617315577337283e-08
      ],
      [
        0.36304666698207605,
        5.349981149255208e-08,
        0.6369532795181125
      ]
    ],
    [
      [
        0.8465567270132347,
        0.15344326474451922,
        8.24224601119564e-09
      ],
      [
        0.02518720493213691,
        0.9661947426147056,
        0.008618052453157403
      ],
      [
        2.580901202512847e-07,
        0.9999996567269026,
        8.518297725314694e-08
      ]
    ],
    [
      [
        0.6677511211435999,
        0.08073191268509398,
        0.25151696617130603
      ],
      [
        0.23099874296811332,
        0.7475582550863852,
        0.02144300194550152
      ],
      [
        0.5800889974376428,
        0.02598606965250431,
        0.393924932909853
      ]
    ]
  ],
  "kappaS": {
    "0.06": 1.4150942680497076,
    "0.12": 3.6758143464577038,
    "0.24": 8.757636258365551
  },
  "kappaP": {
    "80": 9.751679412452367,
    "40": 8.001637917479504,
    "20": 12.124781912778518,
    "10": 15.66158173506697
  }
}