{
  "rho": [
    0.37160564492748804,
    0.39339857132714073,
    0.23499578374537117
  ],
  "pi": [
    [
      0.72139481920368,
      0.11321018925523624,
      0.16539499154108378
    ],
    [
      0.5094173534489482,
      0.03352784365588989,
      0.45705480289516187
    ],
    [
      0.3959954585868241,
      0.38400662993655554,
      0.21999791147662034
    ]
  ],
  "A": [
    [
      [
        0.8414987197370267,
        0.13263800047423008,
        0.02586327978874326
      ],
      [
        0.6613700396990463,
        0.338629949194261,
        1.1106692659883341e-08
      ],
      [
        0.9995771900131907,
        5.7028312487822255e-08,
        0.0004227529584967498
      ]
    ],
    [
      [
        0.8224072949668217,
        0.1646181047068913,
        0.012974600326286912
      ],
      [
        0.05616269753028545,
        0.9367835290316544,
        0.007053773438060193
      ],
      [
        0.3275383831963804,
        0.67246137579213,
        2.410114896971789e-07
      ]
    ],
    [
      [
        0.9329416132055157,
        0.00012464138802015408,
        0.06693374540646417
      ],
      [
        0.44455819427985976,
        0.5554415445897247,
        2.611304154557177e-07
      ],
      [
        0.6707336787474963,
        3.484291077626843e-08,
        0.3292662864095928
      ]
    ]
  ],
  "kappaS": {
    "0.06": 1.5538656672640339,
    "0.12": 4.014206407606218,
    "0.24": 16.168299140944914
  },
  "kappaP": {
    "80": 30.953350437686286,
    "40": 35.75979116092233,
    "20": 14.464517699978241,
    "10": 21.205092673970757
  }
}