{
  "rho": [
    0.5833333530952044,
    0.4166666052381341,
    4.166666145971142e-08
  ],
  "pi": [
    [
      0.8331012667888722,
      1.299969415074465e-07,
      0.16689860321418623
    ],
    [
      4.972966133602085e-06,
      0.7497883071862953,
      0.2502067198475712
    ],
    [
      0.3333333333393059,
      0.33333333332966014,
      0.33333333333103377
    ]
  ],
  "A": [
    [
      [
        0.7937724133878689,
        0.1617102226606737,
        0.044517363951457355
      ],
      [
        0.7494768505964801,
        0.23243147217061547,
        0.018091677232904488
      ],
      [
        0.826107168119753,
        0.15095516718183838,
        0.022937664698408536
      ]
    ],
    [
      [
        0.4408976058636232,
        0.5591023919849867,
        2.1513901065351967e-09
      ],
      [
        0.23127011915277018,
        0.7687298800048828,
        8.423471323544853e-10
      ],
      [
        0.7302585656762677,
        0.2697409534572615,
        4.8086647068323e-07
      ]
    ],
    [
      [
        0.33333333353599315,
        0.3333333331669414,
        0.33333333329706527
      ],
      [
        0.33333333341052696,
        0.3333333332683347,
        0.33333333332113835
      ],
      [
        0.33333333347753685,
        0.3333333332477174,
        0.33333333327474574
      ]
    ]
  ],
  "kappaS": {
    "0.06": 3.5761106158413978,
    "0.12": 11.479763297106322,
    "0.24": 30.225209302223703
  },
  "kappaP": {
    "80": 48.13774181501243,
    "40": 59.7255455476045,
    "20": 27.380381884776142,
    "10": 42.931174431331655
  }
}