{
  "rho": [
    0.2029030665453504,
    0.36667194567779177,
    0.43042498777685784
  ],
  "pi": [
    [
      0.6837340477368729,
      0.3162657071801866,
      2.4508294040445447e-07
    ],
    [
      0.5281731780277068,
      0.21333539374574803,
      0.2584914282265451
    ],
    [
      0.5818801300480099,
      0.41811971046301566,
      1.594889745559073e-07
    ]
  ],
  "A": [
    [
      [
        0.9214318307582258,
        0.0018976497972415008,
        0.07667051944453278
      ],
      [
        0.204006344169478,
        0.7959930606314082,
        5.951991140221477e-07
      ],
      [
        0.7886105136967294,
        2.9150742810621417e-08,
        0.21138945715252766
      ]
    ],
    [
      [
        0.6482758344309224,
        0.3517241593032171,
        6.2658604984526866e-09
      ],
      [
        0.11821497567839265,
        0.8817850231265876,
        1.1950197865906527e-09
      ],
      [
        0.9999977121831669,
        8.456106841827313e-07,
        1.4422061488775806e-06
      ]
    ],
    [
      [
        0.7447177071443608,
        0.18516316831515545,
        0.0701191245404838
      ],
      [
        0.7139213904113062,
        0.286078588397843,
        2.1190850801111128e-08
      ],
      [
        0.8622392089397752,
        0.10352817265471143,
        0.03423261840551345
      ]
    ]
  ],
  "kappaS": {
    "0.06": 1.6351050716608415,
    "0.12": 5.837383785711597,
    "0.24": 16.698815973961658
  },
  "kappaP": {
    "80": 7.772008864749034,
    "40": 14.037202324583692,
    "20": 12.512340023343658,
    "10": 12.44168800023326
  }
}