{
  "subject_id": 11,
  "split_id": 2,
  "n_train_trials": 3463,
  "n_test_trials": 1055,
  "converged": false,
  "n_iterations": 300,
  "train_ll": -3035.647112811089,
  "test_total_ll": -764.550113882117,
  "test_ll_per_trial": -0.7246920510730966,
  "monotonic": true
}