{
  "rho": [
    0.5624420096688806,
    0.37500006983028183,
    0.06255792050083754
  ],
  "pi": [
    [
      0.6645011433970385,
      0.3354973683029888,
      1.4882999726636953e-06
    ],
    [
      0.6154679231843397,
      0.029758592030191554,
      0.35477348478546866
    ],
    [
      0.9999972748081729,
      1.4634196848906006e-06,
      1.2617721422621407e-06
    ]
  ],
  "A": [
    [
      [
        0.9583883017756133,
        0.025290405555020438,
        0.016321292669366355
      ],
      [
        0.8909726911313589,
        0.04839847276479035,
        0.06062883610385079
      ],
      [
        0.9989105522590568,
        3.923253235725137e-05,
        0.001050215208585742
      ]
    ],
    [
      [
        0.7669255374524966,
        0.21966487469619186,
        0.013409587851311564
      ],
      [
        0.07957256262949182,
        0.9180105070428632,
        0.0024169303276449644
      ],
      [
        0.3170170126818755,
        0.6829825373509438,
        4.499671808106276e-07
      ]
    ],
    [
      [
        0.7656757379604252,
        0.10976311174336063,
        0.12456115029621408
      ],
      [
        0.9999993501661095,
        4.0134411517812385e-07,
        2.4848977526476567e-07
      ],
      [
        0.05317266612050746,
        0.9468269628556685,
        3.7102382417556256e-07
      ]
    ]
  ],
  "kappaS": {
    "0.06": 1.3219619284656183,
    "0.12": 3.8552961102142955,
    "0.24": 16.622073907205593
  },
  "kappaP": {
    "80": 1e-06,
    "40": 0.23904709037421715,
    "20": 10.212827958074302,
    "10": 21.22232498797426
  }
}