{
  "kappaS": {
    "0.06": 1.2255128169066158,
    "0.12": 3.7242397908842966,
    "0.24": 9.581024723378201
  },
  "kappaP": {
    "80": 0.13268227236025473,
    "40": 0.7405261762890386,
    "20": 2.5865019781663596,
    "10": 115.41517508514636
  },
  "weights": [
    0.6,
    0.35,
    0.05
  ],
  "rho": [
    0.6650340418565459,
    3.703703322455335e-08,
    0.3349659211064209
  ],
  "class_weights": [
    [
      0.9296199678371847,
      0.07038000953304888,
      2.262976638510938e-08
    ],
    [
      0.333333346916032,
      0.3333332829747767,
      0.33333337010919123
    ],
    [
      0.7285666593384009,
      2.3993446954118744e-09,
      0.27143333826225435
    ]
  ]
}