{
  "rho": [
    1.0000605172419778e-07,
    0.6777659693476,
    0.32223393064634825
  ],
  "pi": [
    [
      0.33332658494847567,
      0.33334207670326893,
      0.3333313383482554
    ],
    [
      3.606213495985889e-07,
      0.9999994593644174,
      1.8001423302176087e-07
    ],
    [
      7.078855001252019e-07,
      0.9999989009609138,
      3.9115358618329586e-07
    ]
  ],
  "A": [
    [
      [
        0.3334270857793381,
        0.3333548254210658,
        0.333218088799596
      ],
      [
        0.33338349602109824,
        0.33336559259443554,
        0.3332509113844661
      ],
      [
        0.3333742317464085,
        0.33335689546300534,
        0.3332688727905861
      ]
    ],
    [
      [
        0.476879988747511,
        0.5231200053552031,
        5.897285980080853e-09
      ],
      [
        0.14741302463521985,
        0.8525869735488457,
        1.8159342002504356e-09
      ],
      [
        0.36153083831651556,
        0.3809114788960707,
        0.25755768278741364
      ]
    ],
    [
      [
        0.41467618821310565,
        0.5853237896729653,
        2.2113929199331618e-08
      ],
      [
        0.4075481713756455,
        0.5529448394711225,
        0.03950698915323202
      ],
      [
        3.6286344633198336e-07,
        0.7005514575352401,
        0.29944817960131354
      ]
    ]
  ],
  "kappaS": {
    "0.06": 4.0155364140827325,
    "0.12": 6.546573641690169,
    "0.24": 13.666679612584803
  },
  "kappaP": {
    "80": 2.030473224197022,
    "40": 3.8512306920238917,
    "20": 4.70015016552356,
    "10": 9.009482462442499
  }
}