{
  "rho": [
    0.09523792748513886,
    0.4285714139388062,
    0.47619065857605486
  ],
  "pi": [
    [
      5.252090309811093e-07,
      0.41270786548346916,
      0.5872916093074999
    ],
    [
      0.24612524847578118,
      0.5058855566320906,
      0.2479891948921284
    ],
    [
      0.40086418439235777,
      0.5991355439354219,
      2.716722204233894e-07
    ]
  ],
  "A": [
    [
      [
        0.9956023358656632,
        0.0006567361853081249,
        0.003740927949028843
      ],
      [
        0.15168478546215464,
        0.46211219601536846,
        0.38620301852247696
      ],
      [
        0.12985514373095425,
        0.6186878136818139,
        0.2514570425872319
      ]
    ],
    [
      [
        0.7720445273169988,
        0.22795546042392478,
        1.225907647159413e-08
      ],
      [
        0.03165275478195581,
        0.962389124131959,
        0.005958121086085293
      ],
      [
        3.192668241711804e-07,
        0.9999995272447303,
        1.534884454551067e-07
      ]
    ],
    [
      [
        0.7376899195981758,
        0.04979892914017318,
        0.2125111512616509
      ],
      [
        0.21583791936198438,
        0.7636348264682357,
        0.020527254169779966
      ],
      [
        0.5997061586029793,
        0.05603968492042961,
        0.344254156476591
      ]
    ]
  ],
  "kappaS": {
    "0.06": 1.1874205381551928,
    "0.12": 2.9711989537966175,
    "0.24": 8.135687119351484
  },
  "kappaP": {
    "80": 14.13127408556076,
    "40": 7.737337739257679,
    "20": 12.341562694373907,
    "10": 19.3394285764435
  }
}