{
  "subject_id": 5,
  "split_id": 3,
  "n_train_trials": 3833,
  "n_test_trials": 877,
  "converged": false,
  "n_iterations": 300,
  "train_ll": -4615.591586569089,
  "test_total_ll": -1256.6938473732482,
  "test_ll_per_trial": -1.4329462341770218,
  "monotonic": true
}