{
  "rho": [
    0.7688620056821523,
    5.555554631519409e-08,
    0.23113793876230146
  ],
  "pi": [
    [
      0.9807535199446702,
      0.019246371926026566,
      1.0812930317962161e-07
    ],
    [
      0.3333333333108918,
      0.33333333329844367,
      0.33333333339066445
    ],
    [
      0.008899470975586563,
      0.4936911581041366,
      0.49740937092027665
    ]
  ],
  "A": [
    [
      [
        0.9041095673933804,
        0.09589043068014574,
        1.926473766777751e-09
      ],
      [
        0.8908077838818184,
        0.10919220066223724,
        1.5455944347411528e-08
      ],
      [
        0.4247947514577606,
        0.3407105607061948,
        0.23449468783604463
      ]
    ],
    [
      [
        0.333333334005589,
        0.3333333329872201,
        0.33333333300719076
      ],
      [
        0.3333333338063642,
        0.33333333305776897,
        0.3333333331358668
      ],
      [
        0.3333333337261022,
        0.3333333332182307,
        0.33333333305566704
      ]
    ],
    [
      [
        0.8934341997116223,
        7.152400267609588e-09,
        0.10656579313597739
      ],
      [
        0.9999971421179592,
        1.0438127799057746e-06,
        1.8140692610237679e-06
      ],
      [
        0.4705242616732268,
        3.9780289113597943e-08,
        0.529475698546484
      ]
    ]
  ],
  "kappaS": {
    "0.06": 1.4007598178303917,
    "0.12": 3.6510689246448313,
    "0.24": 9.202864330238718
  },
  "kappaP": {
    "80": 0.5573415151382267,
    "40": 1.2895557438149479,
    "20": 2.5080375375951753,
    "10": 106.92415323948234
  }
}