{
  "rho": [
    0.5999999571998179,
    0.39999994280021206,
    9.999997000000893e-08
  ],
  "pi": [
    [
      0.4307043931204877,
      0.16640950655925782,
      0.40288610032025446
    ],
    [
      3.312582439101532e-07,
      0.829140410134594,
      0.17085925860716214
    ],
    [
      0.3333333333333333,
      0.3333333333333333,
      0.3333333333333333
    ]
  ],
  "A": [
    [
      [
        0.8678442337277086,
        0.1321557607296525,
        5.542638726560981e-09
      ],
      [
        0.7826896238200844,
        0.21731034164004426,
        3.4539871251247084e-08
      ],
      [
        0.9999986975269788,
        5.851217533261417e-07,
        7.173512680544012e-07
      ]
    ],
    [
      [
        0.15823355241450962,
        0.8417664414467825,
        6.138707833987571e-09
      ],
      [
        0.24590168776185461,
        0.7540983103255147,
        1.9126307261479344e-09
      ],
      [
        0.28919920058645887,
        1.6313634310783541e-06,
        0.71079916805011
      ]
    ],
    [
      [
        0.3333333333333333,
        0.3333333333333333,
        0.3333333333333333
      ],
      [
        0.3333333333333333,
        0.3333333333333333,
        0.3333333333333333
      ],
      [
        0.3333333333333333,
        0.3333333333333333,
        0.3333333333333333
      ]
    ]
  ],
  "kappaS": {
    "0.06": 2.526930706193026,
    "0.12": 7.308821316040007,
    "0.24": 21.66533905892961
  },
  "kappaP": {
    "80": 1.9778943824277444,
    "40": 3.166988506168074,
    "20": 15.199752609351151,
    "10": 61.6556102538876
  }
}