{
  "kappaS": {
    "0.06": 1.4540837503142543,
    "0.12": 3.9804124459544634,
    "0.24": 12.179227175882932
  },
  "kappaP": {
    "80": 2.326813682519794,
    "40": 4.140582416244696,
    "20": 4.627553296955426,
    "10": 9.704173933207427
  },
  "weights": [
    0.6,
    0.35,
    0.05
  ],
  "rho": [
    0.295222201721084,
    0.4084427800362318,
    0.29633501824268416
  ],
  "class_weights": [
    [
      0.5444423280285687,
      0.385002574292115,
      0.07055509767931621
    ],
    [
      0.23556396428689136,
      0.7644360342131427,
      1.4999658580336483e-09
    ],
    [
      0.4850372303279571,
      7.047665979876093e-08,
      0.5149626991953831
    ]
  ]
}